,version,ihl,tos,len,id,flags,frag,ttl,proto,chksum,src,dst,options,time,sport,dport,seq,ack,dataofs,reserved,flags,window,chksum,urgptr,options,payload,payload_raw,payload_hex
0,4,5,0,905,59503,DF,0,64,6,63169,172.28.0.2,172.28.0.3,0,1648867610.8695045,9000,32860,2094273608,4095417590,8,0,PA,501,23481,0,3,853,"b'\x81~\x03Q{""header"": {""msg_id"": ""d58f3b7d-f43d96cf7eb2647100805a9e"", ""msg_type"": ""execute_input"", ""username"": ""username"", ""session"": ""6d359399-bdc83f1d36ee2df0c676c17c"", ""date"": ""2022-04-02T02:46:50.850530Z"", ""version"": ""5.3""}, ""msg_id"": ""d58f3b7d-f43d96cf7eb2647100805a9e"", ""msg_type"": ""execute_input"", ""parent_header"": {""msg_id"": ""52b9c15e87fa4f73dd632cb551de420e"", ""username"": ""username"", ""session"": ""2f86c1feab0742b7d7577c86c32fbee1"", ""msg_type"": ""execute_request"", ""version"": ""5.0"", ""date"": ""2022-04-02T02:46:50.846159Z""}, ""metadata"": {}, ""content"": {""code"": ""# Se capturan 100 paquetes\\nnum_of_packets_to_sniff = 100\\npcap = sniff(count=num_of_packets_to_sniff)\\n\\n# rdpcap returns packet list\\n## packetlist object can be enumerated \\nprint(type(pcap))\\nprint(len(pcap))\\nprint(pcap)\\npcap[0]"", ""execution_count"": 4}, ""buffers"": [], ""channel"": ""iopub""}'",b'817e03517b22686561646572223a207b226d73675f6964223a202264353866336237642d663433643936636637656232363437313030383035613965222c20226d73675f74797065223a2022657865637574655f696e707574222c2022757365726e616d65223a2022757365726e616d65222c202273657373696f6e223a202236643335393339392d626463383366316433366565326466306336373663313763222c202264617465223a2022323032322d30342d30325430323a34363a35302e3835303533305a222c202276657273696f6e223a2022352e33227d2c20226d73675f6964223a202264353866336237642d663433643936636637656232363437313030383035613965222c20226d73675f74797065223a2022657865637574655f696e707574222c2022706172656e745f686561646572223a207b226d73675f6964223a20223532623963313565383766613466373364643633326362353531646534323065222c2022757365726e616d65223a2022757365726e616d65222c202273657373696f6e223a20223266383663316665616230373432623764373537376338366333326662656531222c20226d73675f74797065223a2022657865637574655f72657175657374222c202276657273696f6e223a2022352e30222c202264617465223a2022323032322d30342d30325430323a34363a35302e3834363135395a227d2c20226d65746164617461223a207b7d2c2022636f6e74656e74223a207b22636f6465223a20222320536520636170747572616e203130302070617175657465735c6e6e756d5f6f665f7061636b6574735f746f5f736e696666203d203130305c6e70636170203d20736e69666628636f756e743d6e756d5f6f665f7061636b6574735f746f5f736e696666295c6e5c6e23207264706361702072657475726e73207061636b6574206c6973745c6e2323207061636b65746c697374206f626a6563742063616e20626520656e756d657261746564205c6e7072696e742874797065287063617029295c6e7072696e74286c656e287063617029295c6e7072696e742870636170295c6e706361705b305d222c2022657865637574696f6e5f636f756e74223a20347d2c202262756666657273223a205b5d2c20226368616e6e656c223a2022696f707562227d'
1,4,5,0,52,53876,DF,0,64,6,4114,172.28.0.3,172.28.0.2,0,1648867610.8695536,32860,9000,4095417590,2094274461,8,0,A,501,22628,0,3,0,b'',b''
2,4,5,0,905,55766,DF,0,64,6,1371,172.28.0.3,172.28.0.2,0,1648867610.8699172,6000,51000,181046166,1533969706,8,0,PA,501,23481,0,3,853,"b'\x81~\x03Q{""header"": {""msg_id"": ""d58f3b7d-f43d96cf7eb2647100805a9e"", ""msg_type"": ""execute_input"", ""username"": ""username"", ""session"": ""6d359399-bdc83f1d36ee2df0c676c17c"", ""date"": ""2022-04-02T02:46:50.850530Z"", ""version"": ""5.3""}, ""msg_id"": ""d58f3b7d-f43d96cf7eb2647100805a9e"", ""msg_type"": ""execute_input"", ""parent_header"": {""msg_id"": ""52b9c15e87fa4f73dd632cb551de420e"", ""username"": ""username"", ""session"": ""2f86c1feab0742b7d7577c86c32fbee1"", ""msg_type"": ""execute_request"", ""version"": ""5.0"", ""date"": ""2022-04-02T02:46:50.846159Z""}, ""metadata"": {}, ""content"": {""code"": ""# Se capturan 100 paquetes\\nnum_of_packets_to_sniff = 100\\npcap = sniff(count=num_of_packets_to_sniff)\\n\\n# rdpcap returns packet list\\n## packetlist object can be enumerated \\nprint(type(pcap))\\nprint(len(pcap))\\nprint(pcap)\\npcap[0]"", ""execution_count"": 4}, ""buffers"": [], ""channel"": ""iopub""}'",b'817e03517b22686561646572223a207b226d73675f6964223a202264353866336237642d663433643936636637656232363437313030383035613965222c20226d73675f74797065223a2022657865637574655f696e707574222c2022757365726e616d65223a2022757365726e616d65222c202273657373696f6e223a202236643335393339392d626463383366316433366565326466306336373663313763222c202264617465223a2022323032322d30342d30325430323a34363a35302e3835303533305a222c202276657273696f6e223a2022352e33227d2c20226d73675f6964223a202264353866336237642d663433643936636637656232363437313030383035613965222c20226d73675f74797065223a2022657865637574655f696e707574222c2022706172656e745f686561646572223a207b226d73675f6964223a20223532623963313565383766613466373364643633326362353531646534323065222c2022757365726e616d65223a2022757365726e616d65222c202273657373696f6e223a20223266383663316665616230373432623764373537376338366333326662656531222c20226d73675f74797065223a2022657865637574655f72657175657374222c202276657273696f6e223a2022352e30222c202264617465223a2022323032322d30342d30325430323a34363a35302e3834363135395a227d2c20226d65746164617461223a207b7d2c2022636f6e74656e74223a207b22636f6465223a20222320536520636170747572616e203130302070617175657465735c6e6e756d5f6f665f7061636b6574735f746f5f736e696666203d203130305c6e70636170203d20736e69666628636f756e743d6e756d5f6f665f7061636b6574735f746f5f736e696666295c6e5c6e23207264706361702072657475726e73207061636b6574206c6973745c6e2323207061636b65746c697374206f626a6563742063616e20626520656e756d657261746564205c6e7072696e742874797065287063617029295c6e7072696e74286c656e287063617029295c6e7072696e742870636170295c6e706361705b305d222c2022657865637574696f6e5f636f756e74223a20347d2c202262756666657273223a205b5d2c20226368616e6e656c223a2022696f707562227d'
3,4,5,0,52,36601,DF,0,64,6,21389,172.28.0.2,172.28.0.3,0,1648867610.8699346,51000,6000,1533969706,181047019,8,0,A,501,22628,0,3,0,b'',b''
4,4,5,0,984,14683,DF,0,64,6,42377,172.28.0.2,172.28.0.1,0,1648867610.8703103,8080,60872,3998463182,3745634927,8,0,PA,501,23558,0,3,932,"b'HTTP/1.1 200 OK\r\nContent-Type: text/plain; charset=UTF-8\r\nContent-Length: 703\r\nAccess-Control-Allow-Origin: *\r\nSet-Cookie: io=s5Vyxg5QkGBdyalgAAAA; Path=/; HttpOnly\r\nDate: Sat, 02 Apr 2022 02:46:50 GMT\r\nConnection: keep-alive\r\n\r\n699:42/session,[""data"",{""data"":""{\\""header\\"": {\\""msg_id\\"": \\""adbae934-8c416e637af3a05b4e9444f7\\"", \\""msg_type\\"": \\""status\\"", \\""username\\"": \\""username\\"", \\""session\\"": \\""6d359399-bdc83f1d36ee2df0c676c17c\\"", \\""date\\"": \\""2022-04-02T02:46:50.849964Z\\"", \\""version\\"": \\""5.3\\""}, \\""msg_id\\"": \\""adbae934-8c416e637af3a05b4e9444f7\\"", \\""msg_type\\"": \\""status\\"", \\""parent_header\\"": {\\""msg_id\\"": \\""52b9c15e87fa4f73dd632cb551de420e\\"", \\""username\\"": \\""username\\"", \\""session\\"": \\""2f86c1feab0742b7d7577c86c32fbee1\\"", \\""msg_type\\"": \\""execute_request\\"", \\""version\\"": \\""5.0\\"", \\""date\\"": \\""2022-04-02T02:46:50.846159Z\\""}, \\""metadata\\"": {}, \\""content\\"": {\\""execution_state\\"": \\""busy\\""}, \\""buffers\\"": [], \\""channel\\"": \\""iopub\\""}""}]'",b'485454502f312e3120323030204f4b0d0a436f6e74656e742d547970653a20746578742f706c61696e3b20636861727365743d5554462d380d0a436f6e74656e742d4c656e6774683a203730330d0a4163636573732d436f6e74726f6c2d416c6c6f772d4f726967696e3a202a0d0a5365742d436f6f6b69653a20696f3d73355679786735516b47426479616c67414141413b20506174683d2f3b20487474704f6e6c790d0a446174653a205361742c2030322041707220323032322030323a34363a353020474d540d0a436f6e6e656374696f6e3a206b6565702d616c6976650d0a0d0a3639393a34322f73657373696f6e2c5b2264617461222c7b2264617461223a227b5c226865616465725c223a207b5c226d73675f69645c223a205c2261646261653933342d3863343136653633376166336130356234653934343466375c222c205c226d73675f747970655c223a205c227374617475735c222c205c22757365726e616d655c223a205c22757365726e616d655c222c205c2273657373696f6e5c223a205c2236643335393339392d6264633833663164333665653264663063363736633137635c222c205c22646174655c223a205c22323032322d30342d30325430323a34363a35302e3834393936345a5c222c205c2276657273696f6e5c223a205c22352e335c227d2c205c226d73675f69645c223a205c2261646261653933342d3863343136653633376166336130356234653934343466375c222c205c226d73675f747970655c223a205c227374617475735c222c205c22706172656e745f6865616465725c223a207b5c226d73675f69645c223a205c2235326239633135653837666134663733646436333263623535316465343230655c222c205c22757365726e616d655c223a205c22757365726e616d655c222c205c2273657373696f6e5c223a205c2232663836633166656162303734326237643735373763383663333266626565315c222c205c226d73675f747970655c223a205c22657865637574655f726571756573745c222c205c2276657273696f6e5c223a205c22352e305c222c205c22646174655c223a205c22323032322d30342d30325430323a34363a35302e3834363135395a5c227d2c205c226d657461646174615c223a207b7d2c205c22636f6e74656e745c223a207b5c22657865637574696f6e5f73746174655c223a205c22627573795c227d2c205c22627566666572735c223a205b5d2c205c226368616e6e656c5c223a205c22696f7075625c227d227d5d'
5,4,5,0,52,6498,DF,0,64,6,51494,172.28.0.1,172.28.0.2,0,1648867610.8703387,60872,8080,3745634927,3998464114,8,0,A,501,22626,0,3,0,b'',b''
6,4,5,0,663,6499,DF,0,64,6,50882,172.28.0.1,172.28.0.2,0,1648867611.027817,60872,8080,3745634927,3998464114,8,0,PA,501,23237,0,3,611,"b'GET /socket.io/?EIO=3&sid=s5Vyxg5QkGBdyalgAAAA&t=N_eAn2y&transport=polling HTTP/1.1\r\nHost: colab.research.google.com\r\nUser-Agent: Mozilla/5.0 (Windows NT 10.0; Win64; x64) AppleWebKit/537.36 (KHTML, like Gecko) Chrome/100.0.4896.60 Safari/537.36,gzip(gfe)\r\nAccept: */*\r\nAccept-Encoding: gzip, deflate, br,gzip(gfe)\r\nAccept-Language: es-ES,es;q=0.9,en;q=0.8\r\nReferer: https://colab.research.google.com/\r\nSec-Ch-Ua: "" Not A;Brand"";v=""99"", ""Chromium"";v=""100"", ""Google Chrome"";v=""100""\r\nSec-Ch-Ua-Mobile: ?0\r\nSec-Ch-Ua-Platform: ""Windows""\r\nSec-Fetch-Dest: empty\r\nSec-Fetch-Mode: cors\r\nSec-Fetch-Site: same-origin\r\n\r\n'",b'474554202f736f636b65742e696f2f3f45494f3d33267369643d73355679786735516b47426479616c674141414126743d4e5f65416e3279267472616e73706f72743d706f6c6c696e6720485454502f312e310d0a486f73743a20636f6c61622e72657365617263682e676f6f676c652e636f6d0d0a557365722d4167656e743a204d6f7a696c6c612f352e30202857696e646f7773204e542031302e303b2057696e36343b2078363429204170706c655765624b69742f3533372e333620284b48544d4c2c206c696b65204765636b6f29204368726f6d652f3130302e302e343839362e3630205361666172692f3533372e33362c677a697028676665290d0a4163636570743a202a2f2a0d0a4163636570742d456e636f64696e673a20677a69702c206465666c6174652c2062722c677a697028676665290d0a4163636570742d4c616e67756167653a2065732d45532c65733b713d302e392c656e3b713d302e380d0a526566657265723a2068747470733a2f2f636f6c61622e72657365617263682e676f6f676c652e636f6d2f0d0a5365632d43682d55613a2022204e6f7420413b4272616e64223b763d223939222c20224368726f6d69756d223b763d22313030222c2022476f6f676c65204368726f6d65223b763d22313030220d0a5365632d43682d55612d4d6f62696c653a203f300d0a5365632d43682d55612d506c6174666f726d3a202257696e646f7773220d0a5365632d46657463682d446573743a20656d7074790d0a5365632d46657463682d4d6f64653a20636f72730d0a5365632d46657463682d536974653a2073616d652d6f726967696e0d0a0d0a'
7,4,5,0,52,14684,DF,0,64,6,43308,172.28.0.2,172.28.0.1,0,1648867611.0278535,8080,60872,3998464114,3745635538,8,0,A,501,22626,0,3,0,b'',b''
8,4,5,0,1250,14685,DF,0,64,6,42109,172.28.0.2,172.28.0.1,0,1648867611.028872,8080,60872,3998464114,3745635538,8,0,PA,501,23824,0,3,1198,"b'HTTP/1.1 200 OK\r\nContent-Type: text/plain; charset=UTF-8\r\nContent-Length: 969\r\nAccess-Control-Allow-Origin: *\r\nSet-Cookie: io=s5Vyxg5QkGBdyalgAAAA; Path=/; HttpOnly\r\nDate: Sat, 02 Apr 2022 02:46:51 GMT\r\nConnection: keep-alive\r\n\r\n965:42/session,[""data"",{""data"":""{\\""header\\"": {\\""msg_id\\"": \\""d58f3b7d-f43d96cf7eb2647100805a9e\\"", \\""msg_type\\"": \\""execute_input\\"", \\""username\\"": \\""username\\"", \\""session\\"": \\""6d359399-bdc83f1d36ee2df0c676c17c\\"", \\""date\\"": \\""2022-04-02T02:46:50.850530Z\\"", \\""version\\"": \\""5.3\\""}, \\""msg_id\\"": \\""d58f3b7d-f43d96cf7eb2647100805a9e\\"", \\""msg_type\\"": \\""execute_input\\"", \\""parent_header\\"": {\\""msg_id\\"": \\""52b9c15e87fa4f73dd632cb551de420e\\"", \\""username\\"": \\""username\\"", \\""session\\"": \\""2f86c1feab0742b7d7577c86c32fbee1\\"", \\""msg_type\\"": \\""execute_request\\"", \\""version\\"": \\""5.0\\"", \\""date\\"": \\""2022-04-02T02:46:50.846159Z\\""}, \\""metadata\\"": {}, \\""content\\"": {\\""code\\"": \\""# Se capturan 100 paquetes\\\\nnum_of_packets_to_sniff = 100\\\\npcap = sniff(count=num_of_packets_to_sniff)\\\\n\\\\n# rdpcap returns packet list\\\\n## packetlist object can be enumerated \\\\nprint(type(pcap))\\\\nprint(len(pcap))\\\\nprint(pcap)\\\\npcap[0]\\"", \\""execution_count\\"": 4}, \\""buffers\\"": [], \\""channel\\"": \\""iopub\\""}""}]'",b'485454502f312e3120323030204f4b0d0a436f6e74656e742d547970653a20746578742f706c61696e3b20636861727365743d5554462d380d0a436f6e74656e742d4c656e6774683a203936390d0a4163636573732d436f6e74726f6c2d416c6c6f772d4f726967696e3a202a0d0a5365742d436f6f6b69653a20696f3d73355679786735516b47426479616c67414141413b20506174683d2f3b20487474704f6e6c790d0a446174653a205361742c2030322041707220323032322030323a34363a353120474d540d0a436f6e6e656374696f6e3a206b6565702d616c6976650d0a0d0a3936353a34322f73657373696f6e2c5b2264617461222c7b2264617461223a227b5c226865616465725c223a207b5c226d73675f69645c223a205c2264353866336237642d6634336439366366376562323634373130303830356139655c222c205c226d73675f747970655c223a205c22657865637574655f696e7075745c222c205c22757365726e616d655c223a205c22757365726e616d655c222c205c2273657373696f6e5c223a205c2236643335393339392d6264633833663164333665653264663063363736633137635c222c205c22646174655c223a205c22323032322d30342d30325430323a34363a35302e3835303533305a5c222c205c2276657273696f6e5c223a205c22352e335c227d2c205c226d73675f69645c223a205c2264353866336237642d6634336439366366376562323634373130303830356139655c222c205c226d73675f747970655c223a205c22657865637574655f696e7075745c222c205c22706172656e745f6865616465725c223a207b5c226d73675f69645c223a205c2235326239633135653837666134663733646436333263623535316465343230655c222c205c22757365726e616d655c223a205c22757365726e616d655c222c205c2273657373696f6e5c223a205c2232663836633166656162303734326237643735373763383663333266626565315c222c205c226d73675f747970655c223a205c22657865637574655f726571756573745c222c205c2276657273696f6e5c223a205c22352e305c222c205c22646174655c223a205c22323032322d30342d30325430323a34363a35302e3834363135395a5c227d2c205c226d657461646174615c223a207b7d2c205c22636f6e74656e745c223a207b5c22636f64655c223a205c222320536520636170747572616e203130302070617175657465735c5c6e6e756d5f6f665f7061636b6574735f746f5f736e696666203d203130305c5c6e70636170203d20736e69666628636f756e743d6e756d5f6f665f7061636b6574735f746f5f736e696666295c5c6e5c5c6e23207264706361702072657475726e73207061636b6574206c6973745c5c6e2323207061636b65746c697374206f626a6563742063616e20626520656e756d657261746564205c5c6e7072696e742874797065287063617029295c5c6e7072696e74286c656e287063617029295c5c6e7072696e742870636170295c5c6e706361705b305d5c222c205c22657865637574696f6e5f636f756e745c223a20347d2c205c22627566666572735c223a205b5d2c205c226368616e6e656c5c223a205c22696f7075625c227d227d5d'
9,4,5,0,52,6500,DF,0,64,6,51492,172.28.0.1,172.28.0.2,0,1648867611.029147,60872,8080,3745635538,3998465312,8,0,A,501,22626,0,3,0,b'',b''
10,4,5,0,767,6501,DF,0,64,6,50776,172.28.0.1,172.28.0.2,0,1648867611.2306354,60872,8080,3745635538,3998465312,8,0,PA,501,23341,0,3,715,"b'POST /socket.io/?EIO=3&sid=s5Vyxg5QkGBdyalgAAAA&t=N_eAn69&transport=polling HTTP/1.1\r\nHost: colab.research.google.com\r\nUser-Agent: Mozilla/5.0 (Windows NT 10.0; Win64; x64) AppleWebKit/537.36 (KHTML, like Gecko) Chrome/100.0.4896.60 Safari/537.36,gzip(gfe)\r\nContent-Length: 55\r\nAccept: */*\r\nAccept-Encoding: gzip, deflate, br,gzip(gfe)\r\nAccept-Language: es-ES,es;q=0.9,en;q=0.8\r\nContent-Type: text/plain;charset=UTF-8\r\nOrigin: https://colab.research.google.com\r\nReferer: https://colab.research.google.com/\r\nSec-Ch-Ua: "" Not A;Brand"";v=""99"", ""Chromium"";v=""100"", ""Google Chrome"";v=""100""\r\nSec-Ch-Ua-Mobile: ?0\r\nSec-Ch-Ua-Platform: ""Windows""\r\nSec-Fetch-Dest: empty\r\nSec-Fetch-Mode: cors\r\nSec-Fetch-Site: same-origin\r\n\r\n'",b'504f5354202f736f636b65742e696f2f3f45494f3d33267369643d73355679786735516b47426479616c674141414126743d4e5f65416e3639267472616e73706f72743d706f6c6c696e6720485454502f312e310d0a486f73743a20636f6c61622e72657365617263682e676f6f676c652e636f6d0d0a557365722d4167656e743a204d6f7a696c6c612f352e30202857696e646f7773204e542031302e303b2057696e36343b2078363429204170706c655765624b69742f3533372e333620284b48544d4c2c206c696b65204765636b6f29204368726f6d652f3130302e302e343839362e3630205361666172692f3533372e33362c677a697028676665290d0a436f6e74656e742d4c656e6774683a2035350d0a4163636570743a202a2f2a0d0a4163636570742d456e636f64696e673a20677a69702c206465666c6174652c2062722c677a697028676665290d0a4163636570742d4c616e67756167653a2065732d45532c65733b713d302e392c656e3b713d302e380d0a436f6e74656e742d547970653a20746578742f706c61696e3b636861727365743d5554462d380d0a4f726967696e3a2068747470733a2f2f636f6c61622e72657365617263682e676f6f676c652e636f6d0d0a526566657265723a2068747470733a2f2f636f6c61622e72657365617263682e676f6f676c652e636f6d2f0d0a5365632d43682d55613a2022204e6f7420413b4272616e64223b763d223939222c20224368726f6d69756d223b763d22313030222c2022476f6f676c65204368726f6d65223b763d22313030220d0a5365632d43682d55612d4d6f62696c653a203f300d0a5365632d43682d55612d506c6174666f726d3a202257696e646f7773220d0a5365632d46657463682d446573743a20656d7074790d0a5365632d46657463682d4d6f64653a20636f72730d0a5365632d46657463682d536974653a2073616d652d6f726967696e0d0a0d0a'
11,4,5,0,52,14686,DF,0,64,6,43306,172.28.0.2,172.28.0.1,0,1648867611.2306654,8080,60872,3998465312,3745636253,8,0,A,501,22626,0,3,0,b'',b''
12,4,5,0,107,6502,DF,0,64,6,51435,172.28.0.1,172.28.0.2,0,1648867611.2313888,60872,8080,3745636253,3998465312,8,0,PA,501,22681,0,3,55,"b'52:451-/debugger,[""data"",{""_placeholder"":true,""num"":0}]'",b'35323a3435312d2f64656275676765722c5b2264617461222c7b225f706c616365686f6c646572223a747275652c226e756d223a307d5d'
13,4,5,0,52,14687,DF,0,64,6,43305,172.28.0.2,172.28.0.1,0,1648867611.2314029,8080,60872,3998465312,3745636308,8,0,A,501,22626,0,3,0,b'',b''
14,4,5,0,337,14688,DF,0,64,6,43019,172.28.0.2,172.28.0.1,0,1648867611.2319326,8080,60872,3998465312,3745636308,8,0,PA,501,22911,0,3,285,"b'HTTP/1.1 200 OK\r\nContent-Type: text/html\r\nContent-Length: 2\r\nAccess-Control-Allow-Credentials: true\r\nAccess-Control-Allow-Origin: https://colab.research.google.com\r\nSet-Cookie: io=s5Vyxg5QkGBdyalgAAAA; Path=/; HttpOnly\r\nDate: Sat, 02 Apr 2022 02:46:51 GMT\r\nConnection: keep-alive\r\n\r\nok'",b'485454502f312e3120323030204f4b0d0a436f6e74656e742d547970653a20746578742f68746d6c0d0a436f6e74656e742d4c656e6774683a20320d0a4163636573732d436f6e74726f6c2d416c6c6f772d43726564656e7469616c733a20747275650d0a4163636573732d436f6e74726f6c2d416c6c6f772d4f726967696e3a2068747470733a2f2f636f6c61622e72657365617263682e676f6f676c652e636f6d0d0a5365742d436f6f6b69653a20696f3d73355679786735516b47426479616c67414141413b20506174683d2f3b20487474704f6e6c790d0a446174653a205361742c2030322041707220323032322030323a34363a353120474d540d0a436f6e6e656374696f6e3a206b6565702d616c6976650d0a0d0a6f6b'
15,4,5,0,52,6503,DF,0,64,6,51489,172.28.0.1,172.28.0.2,0,1648867611.232059,60872,8080,3745636308,3998465597,8,0,A,499,22626,0,3,0,b'',b''
16,4,5,0,663,6504,DF,0,64,6,50877,172.28.0.1,172.28.0.2,0,1648867611.2628207,60872,8080,3745636308,3998465597,8,0,PA,501,23237,0,3,611,"b'GET /socket.io/?EIO=3&sid=s5Vyxg5QkGBdyalgAAAA&t=N_eAn6A&transport=polling HTTP/1.1\r\nHost: colab.research.google.com\r\nUser-Agent: Mozilla/5.0 (Windows NT 10.0; Win64; x64) AppleWebKit/537.36 (KHTML, like Gecko) Chrome/100.0.4896.60 Safari/537.36,gzip(gfe)\r\nAccept: */*\r\nAccept-Encoding: gzip, deflate, br,gzip(gfe)\r\nAccept-Language: es-ES,es;q=0.9,en;q=0.8\r\nReferer: https://colab.research.google.com/\r\nSec-Ch-Ua: "" Not A;Brand"";v=""99"", ""Chromium"";v=""100"", ""Google Chrome"";v=""100""\r\nSec-Ch-Ua-Mobile: ?0\r\nSec-Ch-Ua-Platform: ""Windows""\r\nSec-Fetch-Dest: empty\r\nSec-Fetch-Mode: cors\r\nSec-Fetch-Site: same-origin\r\n\r\n'",b'474554202f736f636b65742e696f2f3f45494f3d33267369643d73355679786735516b47426479616c674141414126743d4e5f65416e3641267472616e73706f72743d706f6c6c696e6720485454502f312e310d0a486f73743a20636f6c61622e72657365617263682e676f6f676c652e636f6d0d0a557365722d4167656e743a204d6f7a696c6c612f352e30202857696e646f7773204e542031302e303b2057696e36343b2078363429204170706c655765624b69742f3533372e333620284b48544d4c2c206c696b65204765636b6f29204368726f6d652f3130302e302e343839362e3630205361666172692f3533372e33362c677a697028676665290d0a4163636570743a202a2f2a0d0a4163636570742d456e636f64696e673a20677a69702c206465666c6174652c2062722c677a697028676665290d0a4163636570742d4c616e67756167653a2065732d45532c65733b713d302e392c656e3b713d302e380d0a526566657265723a2068747470733a2f2f636f6c61622e72657365617263682e676f6f676c652e636f6d2f0d0a5365632d43682d55613a2022204e6f7420413b4272616e64223b763d223939222c20224368726f6d69756d223b763d22313030222c2022476f6f676c65204368726f6d65223b763d22313030220d0a5365632d43682d55612d4d6f62696c653a203f300d0a5365632d43682d55612d506c6174666f726d3a202257696e646f7773220d0a5365632d46657463682d446573743a20656d7074790d0a5365632d46657463682d4d6f64653a20636f72730d0a5365632d46657463682d536974653a2073616d652d6f726967696e0d0a0d0a'
17,4,5,0,52,14689,DF,0,64,6,43303,172.28.0.2,172.28.0.1,0,1648867611.3028991,8080,60872,3998465597,3745636919,8,0,A,501,22626,0,3,0,b'',b''
18,4,5,0,767,15363,DF,0,64,6,41914,172.28.0.1,172.28.0.2,0,1648867611.4300673,60946,8080,3325651559,1943066706,8,0,PA,501,23341,0,3,715,"b'POST /socket.io/?EIO=3&sid=s5Vyxg5QkGBdyalgAAAA&t=N_eAn8h&transport=polling HTTP/1.1\r\nHost: colab.research.google.com\r\nUser-Agent: Mozilla/5.0 (Windows NT 10.0; Win64; x64) AppleWebKit/537.36 (KHTML, like Gecko) Chrome/100.0.4896.60 Safari/537.36,gzip(gfe)\r\nContent-Length: 73\r\nAccept: */*\r\nAccept-Encoding: gzip, deflate, br,gzip(gfe)\r\nAccept-Language: es-ES,es;q=0.9,en;q=0.8\r\nContent-Type: application/octet-stream\r\nOrigin: https://colab.research.google.com\r\nReferer: https://colab.research.google.com/\r\nSec-Ch-Ua: "" Not A;Brand"";v=""99"", ""Chromium"";v=""100"", ""Google Chrome"";v=""100""\r\nSec-Ch-Ua-Mobile: ?0\r\nSec-Ch-Ua-Platform: ""Windows""\r\nSec-Fetch-Dest: empty\r\nSec-Fetch-Mode: cors\r\nSec-Fetch-Site: same-origin\r\n\r\n'",b'504f5354202f736f636b65742e696f2f3f45494f3d33267369643d73355679786735516b47426479616c674141414126743d4e5f65416e3868267472616e73706f72743d706f6c6c696e6720485454502f312e310d0a486f73743a20636f6c61622e72657365617263682e676f6f676c652e636f6d0d0a557365722d4167656e743a204d6f7a696c6c612f352e30202857696e646f7773204e542031302e303b2057696e36343b2078363429204170706c655765624b69742f3533372e333620284b48544d4c2c206c696b65204765636b6f29204368726f6d652f3130302e302e343839362e3630205361666172692f3533372e33362c677a697028676665290d0a436f6e74656e742d4c656e6774683a2037330d0a4163636570743a202a2f2a0d0a4163636570742d456e636f64696e673a20677a69702c206465666c6174652c2062722c677a697028676665290d0a4163636570742d4c616e67756167653a2065732d45532c65733b713d302e392c656e3b713d302e380d0a436f6e74656e742d547970653a206170706c69636174696f6e2f6f637465742d73747265616d0d0a4f726967696e3a2068747470733a2f2f636f6c61622e72657365617263682e676f6f676c652e636f6d0d0a526566657265723a2068747470733a2f2f636f6c61622e72657365617263682e676f6f676c652e636f6d2f0d0a5365632d43682d55613a2022204e6f7420413b4272616e64223b763d223939222c20224368726f6d69756d223b763d22313030222c2022476f6f676c65204368726f6d65223b763d22313030220d0a5365632d43682d55612d4d6f62696c653a203f300d0a5365632d43682d55612d506c6174666f726d3a202257696e646f7773220d0a5365632d46657463682d446573743a20656d7074790d0a5365632d46657463682d4d6f64653a20636f72730d0a5365632d46657463682d536974653a2073616d652d6f726967696e0d0a0d0a'
19,4,5,0,125,15364,DF,0,64,6,42555,172.28.0.1,172.28.0.2,0,1648867611.430181,60946,8080,3325652274,1943066706,8,0,PA,501,22699,0,3,73,"b'\x01\x06\t\xff\x04Content-Length: 46\r\n\r\n{""type"":""request"",""command"":""threads"",""seq"":7}'",b'010609ff04436f6e74656e742d4c656e6774683a2034360d0a0d0a7b2274797065223a2272657175657374222c22636f6d6d616e64223a2274687265616473222c22736571223a377d'
20,4,5,0,52,13599,DF,0,64,6,44393,172.28.0.2,172.28.0.1,0,1648867611.4301908,8080,60946,1943066706,3325652347,8,0,A,501,22626,0,3,0,b'',b''
21,4,5,0,337,13600,DF,0,64,6,44107,172.28.0.2,172.28.0.1,0,1648867611.431064,8080,60946,1943066706,3325652347,8,0,PA,501,22911,0,3,285,"b'HTTP/1.1 200 OK\r\nContent-Type: text/html\r\nContent-Length: 2\r\nAccess-Control-Allow-Credentials: true\r\nAccess-Control-Allow-Origin: https://colab.research.google.com\r\nSet-Cookie: io=s5Vyxg5QkGBdyalgAAAA; Path=/; HttpOnly\r\nDate: Sat, 02 Apr 2022 02:46:51 GMT\r\nConnection: keep-alive\r\n\r\nok'",b'485454502f312e3120323030204f4b0d0a436f6e74656e742d547970653a20746578742f68746d6c0d0a436f6e74656e742d4c656e6774683a20320d0a4163636573732d436f6e74726f6c2d416c6c6f772d43726564656e7469616c733a20747275650d0a4163636573732d436f6e74726f6c2d416c6c6f772d4f726967696e3a2068747470733a2f2f636f6c61622e72657365617263682e676f6f676c652e636f6d0d0a5365742d436f6f6b69653a20696f3d73355679786735516b47426479616c67414141413b20506174683d2f3b20487474704f6e6c790d0a446174653a205361742c2030322041707220323032322030323a34363a353120474d540d0a436f6e6e656374696f6e3a206b6565702d616c6976650d0a0d0a6f6b'
22,4,5,0,52,15365,DF,0,64,6,42627,172.28.0.1,172.28.0.2,0,1648867611.431084,60946,8080,3325652347,1943066991,8,0,A,501,22626,0,3,0,b'',b''
23,4,5,0,613,15366,DF,0,64,6,42065,172.28.0.1,172.28.0.2,0,1648867611.538298,60946,8080,3325652347,1943066991,8,0,PA,501,23187,0,3,561,"b'GET /api/colab/resources HTTP/1.1\r\nHost: colab.research.google.com\r\nUser-Agent: Mozilla/5.0 (Windows NT 10.0; Win64; x64) AppleWebKit/537.36 (KHTML, like Gecko) Chrome/100.0.4896.60 Safari/537.36,gzip(gfe)\r\nAccept: */*\r\nAccept-Encoding: gzip, deflate, br,gzip(gfe)\r\nAccept-Language: es-ES,es;q=0.9,en;q=0.8\r\nReferer: https://colab.research.google.com/\r\nSec-Ch-Ua: "" Not A;Brand"";v=""99"", ""Chromium"";v=""100"", ""Google Chrome"";v=""100""\r\nSec-Ch-Ua-Mobile: ?0\r\nSec-Ch-Ua-Platform: ""Windows""\r\nSec-Fetch-Dest: empty\r\nSec-Fetch-Mode: cors\r\nSec-Fetch-Site: same-origin\r\n\r\n'",b'474554202f6170692f636f6c61622f7265736f757263657320485454502f312e310d0a486f73743a20636f6c61622e72657365617263682e676f6f676c652e636f6d0d0a557365722d4167656e743a204d6f7a696c6c612f352e30202857696e646f7773204e542031302e303b2057696e36343b2078363429204170706c655765624b69742f3533372e333620284b48544d4c2c206c696b65204765636b6f29204368726f6d652f3130302e302e343839362e3630205361666172692f3533372e33362c677a697028676665290d0a4163636570743a202a2f2a0d0a4163636570742d456e636f64696e673a20677a69702c206465666c6174652c2062722c677a697028676665290d0a4163636570742d4c616e67756167653a2065732d45532c65733b713d302e392c656e3b713d302e380d0a526566657265723a2068747470733a2f2f636f6c61622e72657365617263682e676f6f676c652e636f6d2f0d0a5365632d43682d55613a2022204e6f7420413b4272616e64223b763d223939222c20224368726f6d69756d223b763d22313030222c2022476f6f676c65204368726f6d65223b763d22313030220d0a5365632d43682d55612d4d6f62696c653a203f300d0a5365632d43682d55612d506c6174666f726d3a202257696e646f7773220d0a5365632d46657463682d446573743a20656d7074790d0a5365632d46657463682d4d6f64653a20636f72730d0a5365632d46657463682d536974653a2073616d652d6f726967696e0d0a0d0a'
24,4,5,0,60,34812,DF,0,64,6,23170,172.28.0.2,172.28.0.3,0,1648867611.5399945,51626,6000,1550109640,0,10,0,S,64240,22636,0,5,0,b'',b''
25,4,5,0,60,0,DF,0,64,6,57982,172.28.0.3,172.28.0.2,0,1648867611.5400567,6000,51626,2691854423,1550109641,10,0,SA,65160,22636,0,5,0,b'',b''
26,4,5,0,52,34813,DF,0,64,6,23177,172.28.0.2,172.28.0.3,0,1648867611.540084,51626,6000,1550109641,2691854424,8,0,A,502,22628,0,3,0,b'',b''
27,4,5,0,1132,14690,DF,0,64,6,42222,172.28.0.2,172.28.0.1,0,1648867611.5414157,8080,60872,3998465597,3745636919,8,0,PA,501,23706,0,3,1080,"b'HTTP/1.1 200 OK\r\nContent-Type: text/plain; charset=UTF-8\r\nContent-Encoding: gzip\r\nContent-Length: 827\r\nAccess-Control-Allow-Origin: *\r\nSet-Cookie: io=s5Vyxg5QkGBdyalgAAAA; Path=/; HttpOnly\r\nDate: Sat, 02 Apr 2022 02:46:51 GMT\r\nConnection: keep-alive\r\n\r\n\x1f\x8b\x08\x00\x00\x00\x00\x00\x00\x03\xd5\x98\xdfo\xda0\x10\xc7\xff\x95)\xcf\xa5\xf9\xe1@\x02\xaf\x93\xa6M\xda\xa4i\xdb[3E\xc6\xb9\x80Uc\xa7\xb6\xc3\xca\xaa\xfe\xef\xbb$l%\x84\xad`Z\xa4=\xa0\xd8&\xb6?>\x9f\xbfwN<M\xa7\xb38\xf2\x0b\x98\xd7\x8b\x05\xe8\xab\x1b\xaf\xa0\x96zW\x0f\xdds\xe6\xbdU\xd2\x82\xb4\xa3\x8f \x17v9{\x13\x93\x84d:\x93\xcd\xef!\xf3\xe6\xaa\xd8d\xde\x0cK\xa5\xa6+0X\xbe\xc1\n/\xb0\x10\x86\xd3\xab\xcc\x93\xd8\x8c\x95\xcc3 \x80\xd9\xcc\xc36\xa3j\xcd\xa0\xebWQ\xbbl\xff\xf7k\xa3}\xa1\x18\x15\xbe\xe0s\xbf\xda\xd8\xa5\x92\xe4:\xf1\x0bn\xec\xa8\xa2\xec\x96.\xc0\xf8\x86\xd1j\xe3\x9b\xba\x02m\x14\xbb\x05{]!\xc1#\x8e*\xb8l\xc6\x8c\xc6\xcd\xb4L\x89z%\x1b\n\xacT\x1a\x0c.\x82Z\xae\xe4{.m\xc7S\xcf\xad\x80\xa6\xeb\x1f\xe0(\xd8\x05\xceu-_\n\x17d\xa1\x81\xad\xf7Y\xc30\x19\xbb\xc2\x06Q\xcf\xba\x92\x97\xe5k\xd3F\x13\xe2l\xdap\x976\xcb\xea  l\xa5\x8a\x1a\xdfk+\xf0w\xf8\xed\xdb\xbc\xa3\x1eqY\xd5v\x14\x8f&q@\xcay\x19L\x83\x92\x0c\xc7\xf8\x02%h\x90\xed`a\xba\xb3\x8a\xfe\x12v\x10\xc7\xbb\x84\xb8\xf79S\xc5?\xa8\x8e4\xe9\x87\xcf\xed\x1f>S\x1a|4\x10h\xca,_\x83Y\x82\x10\x03\xdfM\xd3\xc8\xd5\xc2\x93}|jl.q\t\xe6\xd2k\x88\x9c\xd7\x90\x0c\xb6\x00\'\xb80~\x12\xa6\xae\xf8\xe9\xab\xe0\xa3\xdf\xdf\x82\x96 \xfc\x9f\xab\xbb\x83\xccc\x92\xb8""\xf7$\xbaP9\xdc\x03\xab\xed\xf9n\xff\x04\xcd\xab\xae00t\xe0j\xe7\xbeLo\x89s\rw5\x98\xf3\x03\xcc\x13y\xf7\x98S\x03\xfb\xecd\xea\x1ecz\xb2\x8dS#\x1f[\xe6\xed\xbe^\x84=""\xee""N\x0e\xb1\x83\xbe\x0cw\xea\xcaMz\xfe""k!\xf2\x1f\x9aV\xd5\x0b\x80[\xa5%-\x94o,\xb6`\xc0@q\xb9\x1fd$$\x08\x1c\xc9\xa7\xbd\xe3\x99\xb7\x92B\x05\x9a\x87\xdd\x9e\x8d\x8eb\xe2\xc3\x1a!\x84RU+-V\x03]\xed\xc3\xc7$tv\x97\xb8G\xbf\xa4\xb2\x10\xcd9e\xeb\x8b\xc1\xa7\xee\xf0\xe3C\xf0\xed\x9c\xe7\x07\xd4c\xf1\xc7\xce\x914\x9a\xfc\xaf>\x1fF\xc9+Z\xfe7|%\xa8-\x95^\xf9\xd4l$\xe3j\x98\xeb:\x9b> \xfb\x87\xf69\xea\x1e\xef\x16\xa8\xf3\x0f\xb3\xcf\x95:\'\'\xfd\xec\xa4\xd5\x12\xd5\xa6\xc7\x0el\x8d>\xe7\x87\x01\xc3$\x9d\xb8\xeat\xef\x8e\xd0\x00\xe2\x0e\xe1,\xcf\xba\xec\xa9\x8c\xe3\xd8U\x16H\xff\xd2e\xa9>?\xe18\xda%\x89\xabK\x12\xf2\xf2\xd4\xfb!\x1b\xb5e _\xceY\x12\xe9E\x0eAk\x89)\x12\x97H~\x84\xc7>opM9Nh\r\xde\x08d\xc9\x17>\xb2\x0b\xceZ\xa8\xc1y\x8b\x9d\xbd\xb9\x17@N\xbb\xf1\x9e\xba\x07yg""\xd0\x03\x9fq\xa6\x9f\x0c\xd4\xe2\x98\xebp\x0f\x16;U\x9b\x81A]?x\x90d@\xd4Y\x13/\xba\xf9\x8a\xf2\xd3T\xf6 [8=1\xc5\xfc\xdetn5\xa6m\xc7\x9et\xfe\tQ\xbe-1\x9c\x17_\x9b\x00\xf9n\xfb]\x0c_\xb4\x9bj{e\xe9z<\xe2\x00\xbf\x00\x08\x04\xd4g\x82\x13\x00\x00'",b'485454502f312e3120323030204f4b0d0a436f6e74656e742d547970653a20746578742f706c61696e3b20636861727365743d5554462d380d0a436f6e74656e742d456e636f64696e673a20677a69700d0a436f6e74656e742d4c656e6774683a203832370d0a4163636573732d436f6e74726f6c2d416c6c6f772d4f726967696e3a202a0d0a5365742d436f6f6b69653a20696f3d73355679786735516b47426479616c67414141413b20506174683d2f3b20487474704f6e6c790d0a446174653a205361742c2030322041707220323032322030323a34363a353120474d540d0a436f6e6e656374696f6e3a206b6565702d616c6976650d0a0d0a1f8b0800000000000003d598df6fda3010c7ff9529cfa5f9e14002af93a64ddaa469db5b3345c6b9805563a7b6c3caaafeefbb246c2584ad605aa43da0d826b63f3e9fbf774e3c4da7b338f20b98d78b05e8ab1bafa0967a570fdd73e6bd55d282b4a38f201776397b139384643a93cdef21f3e6aad864de0c4ba5a62b3058bec10a2fb01086d3abcc93d88c95cc332080d9ccc336a36acda0eb5751bb6cfff76ba37da11815bee073bfdad8a592e43af10b6eeca8a2ec962ec0f886d16ae39bba026d14bb057b5d21c1238e2ab86cc68cc6cdb44c897a251b0aac541a0c2e825aaee47b2e6dc753cfad80a6eb1fe028d805ce752d5f0a1764a181adf759c33019bbc20651cfba9297e56bd34613e26cda709736cbea20206ca58a1adf6b2bf077f8eddbbca31e7159d576148f267140ca79194c83920cc7f802256890ed6061bab38afe127610c7bb84b8f73953c53fa88e34e987cfed1f3e531a7c341068ca2c5f8359821003df4dd3c8d5c2937d7c6a6c2e7109e6d26b889cd7900cb60027b8307e12a6aef8e9abe0a3dfdf829620fc9fabbb83cc6392b822f724ba5039dc03abedf96eff04cdabae303074e06ae7be4c6f89730d773598f303cc1379f7985303fbec64ea1e637ab28d53231f5be6edbe5e843d22ee224e0eb183be0c77eaca4d7afe226b21f21f9a56d50b805ba5252d946f2cb660c04071b91f642424081cc9a7bde399b79242059a87dd9e8d8e62e2c31a218452552b2d56035dedc3c724747697b847bfa4b210cd3965eb8bc1a7eef0e343f0ed9ce707d463f1c7ce91349afcaf3e1f46c92b5afe377c25a82d955ef9d46c24e36a98eb3a9b3e20fb87f639ea1eef16a8f30fb3cf953a2727fdeca4d512d5a6c70e6c8d3ee78701c3249db8ea74ef8ed000e20ee12ccfbaeca98ce3d8551648ffd265a93e3fe138da2589ab4b12f2f2d4fb211bb565205fce5912e9450e416b89291297487e84c73e6f704d394e680dde0864c9173eb20bce5aa8c1798b9dbdb917404ebbf19eba07796722d0039f71a69f0cd4e298eb700f163b559b81415d3f78906440d459132fbaf98af2d354f6205b383d31c5fcde746e35a66dc79e74fe0951be2d319c175f9b00f96efb5d0c5fb49b6a7b65e97a3ce200bf000804d46782130000'
28,4,5,0,52,6505,DF,0,64,6,51487,172.28.0.1,172.28.0.2,0,1648867611.541462,60872,8080,3745636919,3998466677,8,0,A,501,22626,0,3,0,b'',b''
29,4,5,0,632,34814,DF,0,64,6,22596,172.28.0.2,172.28.0.3,0,1648867611.5417101,51626,6000,1550109641,2691854424,8,0,PA,502,23208,0,3,580,"b'GET /api/colab/resources HTTP/1.1\r\nsec-fetch-site: same-origin\r\nsec-fetch-mode: cors\r\nsec-fetch-dest: empty\r\nsec-ch-ua-platform: ""Windows""\r\nsec-ch-ua-mobile: ?0\r\nsec-ch-ua: "" Not A;Brand"";v=""99"", ""Chromium"";v=""100"", ""Google Chrome"";v=""100""\r\nreferer: https://colab.research.google.com/\r\naccept-language: es-ES,es;q=0.9,en;q=0.8\r\naccept-encoding: gzip, deflate, br,gzip(gfe)\r\naccept: */*\r\nuser-agent: Mozilla/5.0 (Windows NT 10.0; Win64; x64) AppleWebKit/537.36 (KHTML, like Gecko) Chrome/100.0.4896.60 Safari/537.36,gzip(gfe)\r\nhost: colab.research.google.com\r\nconnection: close\r\n\r\n'",b'474554202f6170692f636f6c61622f7265736f757263657320485454502f312e310d0a7365632d66657463682d736974653a2073616d652d6f726967696e0d0a7365632d66657463682d6d6f64653a20636f72730d0a7365632d66657463682d646573743a20656d7074790d0a7365632d63682d75612d706c6174666f726d3a202257696e646f7773220d0a7365632d63682d75612d6d6f62696c653a203f300d0a7365632d63682d75613a2022204e6f7420413b4272616e64223b763d223939222c20224368726f6d69756d223b763d22313030222c2022476f6f676c65204368726f6d65223b763d22313030220d0a726566657265723a2068747470733a2f2f636f6c61622e72657365617263682e676f6f676c652e636f6d2f0d0a6163636570742d6c616e67756167653a2065732d45532c65733b713d302e392c656e3b713d302e380d0a6163636570742d656e636f64696e673a20677a69702c206465666c6174652c2062722c677a697028676665290d0a6163636570743a202a2f2a0d0a757365722d6167656e743a204d6f7a696c6c612f352e30202857696e646f7773204e542031302e303b2057696e36343b2078363429204170706c655765624b69742f3533372e333620284b48544d4c2c206c696b65204765636b6f29204368726f6d652f3130302e302e343839362e3630205361666172692f3533372e33362c677a697028676665290d0a686f73743a20636f6c61622e72657365617263682e676f6f676c652e636f6d0d0a636f6e6e656374696f6e3a20636c6f73650d0a0d0a'
30,4,5,0,52,30028,DF,0,64,6,27962,172.28.0.3,172.28.0.2,0,1648867611.5417547,6000,51626,2691854424,1550110221,8,0,A,505,22628,0,3,0,b'',b''
31,4,5,0,642,16589,DF,0,64,6,40811,172.28.0.3,172.28.0.2,0,1648867611.5443277,60986,9000,2624032917,2101674774,8,0,PA,501,23218,0,3,590,"b'GET /api/colab/resources HTTP/1.1\r\nHost: colab.research.google.com\r\nUser-Agent: Mozilla/5.0 (Windows NT 10.0; Win64; x64) AppleWebKit/537.36 (KHTML, like Gecko) Chrome/100.0.4896.60 Safari/537.36,gzip(gfe)\r\nAccept: */*\r\nAccept-Encoding: gzip, deflate, br,gzip(gfe)\r\nAccept-Language: es-ES,es;q=0.9,en;q=0.8\r\nReferer: https://colab.research.google.com/\r\nSec-Ch-Ua: "" Not A;Brand"";v=""99"", ""Chromium"";v=""100"", ""Google Chrome"";v=""100""\r\nSec-Ch-Ua-Mobile: ?0\r\nSec-Ch-Ua-Platform: ""Windows""\r\nSec-Fetch-Dest: empty\r\nSec-Fetch-Mode: cors\r\nSec-Fetch-Site: same-origin\r\nX-Forwarded-For: 172.28.0.2\r\n\r\n'",b'474554202f6170692f636f6c61622f7265736f757263657320485454502f312e310d0a486f73743a20636f6c61622e72657365617263682e676f6f676c652e636f6d0d0a557365722d4167656e743a204d6f7a696c6c612f352e30202857696e646f7773204e542031302e303b2057696e36343b2078363429204170706c655765624b69742f3533372e333620284b48544d4c2c206c696b65204765636b6f29204368726f6d652f3130302e302e343839362e3630205361666172692f3533372e33362c677a697028676665290d0a4163636570743a202a2f2a0d0a4163636570742d456e636f64696e673a20677a69702c206465666c6174652c2062722c677a697028676665290d0a4163636570742d4c616e67756167653a2065732d45532c65733b713d302e392c656e3b713d302e380d0a526566657265723a2068747470733a2f2f636f6c61622e72657365617263682e676f6f676c652e636f6d2f0d0a5365632d43682d55613a2022204e6f7420413b4272616e64223b763d223939222c20224368726f6d69756d223b763d22313030222c2022476f6f676c65204368726f6d65223b763d22313030220d0a5365632d43682d55612d4d6f62696c653a203f300d0a5365632d43682d55612d506c6174666f726d3a202257696e646f7773220d0a5365632d46657463682d446573743a20656d7074790d0a5365632d46657463682d4d6f64653a20636f72730d0a5365632d46657463682d536974653a2073616d652d6f726967696e0d0a582d466f727761726465642d466f723a203137322e32382e302e320d0a0d0a'
32,4,5,0,52,13601,DF,0,64,6,44391,172.28.0.2,172.28.0.1,0,1648867611.578896,8080,60946,1943066991,3325652908,8,0,A,501,22626,0,3,0,b'',b''
33,4,5,0,52,51210,DF,0,64,6,6780,172.28.0.2,172.28.0.3,0,1648867611.5848973,9000,60986,2101674774,2624033507,8,0,A,501,22628,0,3,0,b'',b''
34,4,5,0,640,51211,DF,0,64,6,6191,172.28.0.2,172.28.0.3,0,1648867611.5854023,9000,60986,2101674774,2624033507,8,0,PA,501,23216,0,3,588,"b'HTTP/1.1 200 OK\r\nServer: TornadoServer/5.1.1\r\nContent-Type: application/json\r\nDate: Sat, 02 Apr 2022 02:46:51 GMT\r\nContent-Security-Policy: frame-ancestors \'self\'; report-uri /api/security/csp-report; default-src \'none\'\r\nAccess-Control-Allow-Origin: *\r\nEtag: ""3fe1ddee0e448849e7b8b41234507446f171cb6c""\r\nContent-Length: 164\r\nSet-Cookie: username-colab-research-google-com=""""; expires=Fri, 02 Apr 2021 02:46:51 GMT; Path=/\r\n\r\n)]}\'\n{""ram"": {""usage"": 948707328, ""limit"": 13622181888}, ""gpu"": {""usage"": 0, ""limit"": 0, ""ever_used"": false}, ""disk"": {""usage"": 42495512576, ""limit"": 115658190848}}'",b'485454502f312e3120323030204f4b0d0a5365727665723a20546f726e61646f5365727665722f352e312e310d0a436f6e74656e742d547970653a206170706c69636174696f6e2f6a736f6e0d0a446174653a205361742c2030322041707220323032322030323a34363a353120474d540d0a436f6e74656e742d53656375726974792d506f6c6963793a206672616d652d616e636573746f7273202773656c66273b207265706f72742d757269202f6170692f73656375726974792f6373702d7265706f72743b2064656661756c742d73726320276e6f6e65270d0a4163636573732d436f6e74726f6c2d416c6c6f772d4f726967696e3a202a0d0a457461673a202233666531646465653065343438383439653762386234313233343530373434366631373163623663220d0a436f6e74656e742d4c656e6774683a203136340d0a5365742d436f6f6b69653a20757365726e616d652d636f6c61622d72657365617263682d676f6f676c652d636f6d3d22223b20657870697265733d4672692c2030322041707220323032312030323a34363a353120474d543b20506174683d2f0d0a0d0a295d7d270a7b2272616d223a207b227573616765223a203934383730373332382c20226c696d6974223a2031333632323138313838387d2c2022677075223a207b227573616765223a20302c20226c696d6974223a20302c2022657665725f75736564223a2066616c73657d2c20226469736b223a207b227573616765223a2034323439353531323537362c20226c696d6974223a203131353635383139303834387d7d'
35,4,5,0,52,16590,DF,0,64,6,41400,172.28.0.3,172.28.0.2,0,1648867611.585453,60986,9000,2624033507,2101675362,8,0,A,501,22628,0,3,0,b'',b''
36,4,5,0,659,30029,DF,0,64,6,27354,172.28.0.3,172.28.0.2,0,1648867611.5858297,6000,51626,2691854424,1550110221,8,0,PA,505,23235,0,3,607,"b'HTTP/1.1 200 OK\r\nAccess-Control-Allow-Origin: *\r\nContent-Length: 164\r\nContent-Security-Policy: frame-ancestors \'self\'; report-uri /api/security/csp-report; default-src \'none\'\r\nContent-Type: application/json\r\nDate: Sat, 02 Apr 2022 02:46:51 GMT\r\nEtag: ""3fe1ddee0e448849e7b8b41234507446f171cb6c""\r\nServer: TornadoServer/5.1.1\r\nSet-Cookie: username-colab-research-google-com=""""; expires=Fri, 02 Apr 2021 02:46:51 GMT; Path=/\r\nConnection: close\r\n\r\n)]}\'\n{""ram"": {""usage"": 948707328, ""limit"": 13622181888}, ""gpu"": {""usage"": 0, ""limit"": 0, ""ever_used"": false}, ""disk"": {""usage"": 42495512576, ""limit"": 115658190848}}'",b'485454502f312e3120323030204f4b0d0a4163636573732d436f6e74726f6c2d416c6c6f772d4f726967696e3a202a0d0a436f6e74656e742d4c656e6774683a203136340d0a436f6e74656e742d53656375726974792d506f6c6963793a206672616d652d616e636573746f7273202773656c66273b207265706f72742d757269202f6170692f73656375726974792f6373702d7265706f72743b2064656661756c742d73726320276e6f6e65270d0a436f6e74656e742d547970653a206170706c69636174696f6e2f6a736f6e0d0a446174653a205361742c2030322041707220323032322030323a34363a353120474d540d0a457461673a202233666531646465653065343438383439653762386234313233343530373434366631373163623663220d0a5365727665723a20546f726e61646f5365727665722f352e312e310d0a5365742d436f6f6b69653a20757365726e616d652d636f6c61622d72657365617263682d676f6f676c652d636f6d3d22223b20657870697265733d4672692c2030322041707220323032312030323a34363a353120474d543b20506174683d2f0d0a436f6e6e656374696f6e3a20636c6f73650d0a0d0a295d7d270a7b2272616d223a207b227573616765223a203934383730373332382c20226c696d6974223a2031333632323138313838387d2c2022677075223a207b227573616765223a20302c20226c696d6974223a20302c2022657665725f75736564223a2066616c73657d2c20226469736b223a207b227573616765223a2034323439353531323537362c20226c696d6974223a203131353635383139303834387d7d'
37,4,5,0,52,34815,DF,0,64,6,23175,172.28.0.2,172.28.0.3,0,1648867611.5858521,51626,6000,1550110221,2691855031,8,0,A,501,22628,0,3,0,b'',b''
38,4,5,0,52,30030,DF,0,64,6,27960,172.28.0.3,172.28.0.2,0,1648867611.5859606,6000,51626,2691855031,1550110221,8,0,FA,505,22628,0,3,0,b'',b''
39,4,5,0,659,13602,DF,0,64,6,43783,172.28.0.2,172.28.0.1,0,1648867611.5868149,8080,60946,1943066991,3325652908,8,0,PA,501,23233,0,3,607,"b'HTTP/1.1 200 OK\r\naccess-control-allow-origin: *\r\ncontent-length: 164\r\ncontent-security-policy: frame-ancestors \'self\'; report-uri /api/security/csp-report; default-src \'none\'\r\ncontent-type: application/json\r\ndate: Sat, 02 Apr 2022 02:46:51 GMT\r\netag: ""3fe1ddee0e448849e7b8b41234507446f171cb6c""\r\nserver: TornadoServer/5.1.1\r\nset-cookie: username-colab-research-google-com=""""; expires=Fri, 02 Apr 2021 02:46:51 GMT; Path=/\r\nconnection: close\r\n\r\n)]}\'\n{""ram"": {""usage"": 948707328, ""limit"": 13622181888}, ""gpu"": {""usage"": 0, ""limit"": 0, ""ever_used"": false}, ""disk"": {""usage"": 42495512576, ""limit"": 115658190848}}'",b'485454502f312e3120323030204f4b0d0a6163636573732d636f6e74726f6c2d616c6c6f772d6f726967696e3a202a0d0a636f6e74656e742d6c656e6774683a203136340d0a636f6e74656e742d73656375726974792d706f6c6963793a206672616d652d616e636573746f7273202773656c66273b207265706f72742d757269202f6170692f73656375726974792f6373702d7265706f72743b2064656661756c742d73726320276e6f6e65270d0a636f6e74656e742d747970653a206170706c69636174696f6e2f6a736f6e0d0a646174653a205361742c2030322041707220323032322030323a34363a353120474d540d0a657461673a202233666531646465653065343438383439653762386234313233343530373434366631373163623663220d0a7365727665723a20546f726e61646f5365727665722f352e312e310d0a7365742d636f6f6b69653a20757365726e616d652d636f6c61622d72657365617263682d676f6f676c652d636f6d3d22223b20657870697265733d4672692c2030322041707220323032312030323a34363a353120474d543b20506174683d2f0d0a636f6e6e656374696f6e3a20636c6f73650d0a0d0a295d7d270a7b2272616d223a207b227573616765223a203934383730373332382c20226c696d6974223a2031333632323138313838387d2c2022677075223a207b227573616765223a20302c20226c696d6974223a20302c2022657665725f75736564223a2066616c73657d2c20226469736b223a207b227573616765223a2034323439353531323537362c20226c696d6974223a203131353635383139303834387d7d'
40,4,5,0,52,15367,DF,0,64,6,42625,172.28.0.1,172.28.0.2,0,1648867611.5868418,60946,8080,3325652908,1943067598,8,0,A,501,22626,0,3,0,b'',b''
41,4,5,0,52,15368,DF,0,64,6,42624,172.28.0.1,172.28.0.2,0,1648867611.587076,60946,8080,3325652908,1943067598,8,0,FA,501,22626,0,3,0,b'',b''
42,4,5,0,52,34816,DF,0,64,6,23174,172.28.0.2,172.28.0.3,0,1648867611.5913925,51626,6000,1550110221,2691855032,8,0,FA,501,22628,0,3,0,b'',b''
43,4,5,0,52,30031,DF,0,64,6,27959,172.28.0.3,172.28.0.2,0,1648867611.5914543,6000,51626,2691855032,1550110222,8,0,A,505,22628,0,3,0,b'',b''
44,4,5,0,52,13603,DF,0,64,6,44389,172.28.0.2,172.28.0.1,0,1648867611.5915706,8080,60946,1943067598,3325652909,8,0,FA,501,22626,0,3,0,b'',b''
45,4,5,0,52,15369,DF,0,64,6,42623,172.28.0.1,172.28.0.2,0,1648867611.591587,60946,8080,3325652909,1943067599,8,0,A,501,22626,0,3,0,b'',b''
46,4,5,0,663,6506,DF,0,64,6,50875,172.28.0.1,172.28.0.2,0,1648867611.832953,60872,8080,3745636919,3998466677,8,0,PA,501,23237,0,3,611,"b'GET /socket.io/?EIO=3&sid=s5Vyxg5QkGBdyalgAAAA&t=N_eAnF3&transport=polling HTTP/1.1\r\nHost: colab.research.google.com\r\nUser-Agent: Mozilla/5.0 (Windows NT 10.0; Win64; x64) AppleWebKit/537.36 (KHTML, like Gecko) Chrome/100.0.4896.60 Safari/537.36,gzip(gfe)\r\nAccept: */*\r\nAccept-Encoding: gzip, deflate, br,gzip(gfe)\r\nAccept-Language: es-ES,es;q=0.9,en;q=0.8\r\nReferer: https://colab.research.google.com/\r\nSec-Ch-Ua: "" Not A;Brand"";v=""99"", ""Chromium"";v=""100"", ""Google Chrome"";v=""100""\r\nSec-Ch-Ua-Mobile: ?0\r\nSec-Ch-Ua-Platform: ""Windows""\r\nSec-Fetch-Dest: empty\r\nSec-Fetch-Mode: cors\r\nSec-Fetch-Site: same-origin\r\n\r\n'",b'474554202f736f636b65742e696f2f3f45494f3d33267369643d73355679786735516b47426479616c674141414126743d4e5f65416e4633267472616e73706f72743d706f6c6c696e6720485454502f312e310d0a486f73743a20636f6c61622e72657365617263682e676f6f676c652e636f6d0d0a557365722d4167656e743a204d6f7a696c6c612f352e30202857696e646f7773204e542031302e303b2057696e36343b2078363429204170706c655765624b69742f3533372e333620284b48544d4c2c206c696b65204765636b6f29204368726f6d652f3130302e302e343839362e3630205361666172692f3533372e33362c677a697028676665290d0a4163636570743a202a2f2a0d0a4163636570742d456e636f64696e673a20677a69702c206465666c6174652c2062722c677a697028676665290d0a4163636570742d4c616e67756167653a2065732d45532c65733b713d302e392c656e3b713d302e380d0a526566657265723a2068747470733a2f2f636f6c61622e72657365617263682e676f6f676c652e636f6d2f0d0a5365632d43682d55613a2022204e6f7420413b4272616e64223b763d223939222c20224368726f6d69756d223b763d22313030222c2022476f6f676c65204368726f6d65223b763d22313030220d0a5365632d43682d55612d4d6f62696c653a203f300d0a5365632d43682d55612d506c6174666f726d3a202257696e646f7773220d0a5365632d46657463682d446573743a20656d7074790d0a5365632d46657463682d4d6f64653a20636f72730d0a5365632d46657463682d536974653a2073616d652d6f726967696e0d0a0d0a'
47,4,5,0,52,14691,DF,0,64,6,43301,172.28.0.2,172.28.0.1,0,1648867611.8332174,8080,60872,3998466677,3745637530,8,0,A,501,22626,0,3,0,b'',b''
48,4,5,0,643,14692,DF,0,64,6,42709,172.28.0.2,172.28.0.1,0,1648867611.8338451,8080,60872,3998466677,3745637530,8,0,PA,501,23217,0,3,591,"b'HTTP/1.1 200 OK\r\nContent-Type: text/plain; charset=UTF-8\r\nContent-Length: 362\r\nAccess-Control-Allow-Origin: *\r\nSet-Cookie: io=s5Vyxg5QkGBdyalgAAAA; Path=/; HttpOnly\r\nDate: Sat, 02 Apr 2022 02:46:51 GMT\r\nConnection: keep-alive\r\n\r\n358:42/debugger,[""data"",{""data"":""Content-Length: 251\\r\\n\\r\\n{\\""body\\"":{\\""threads\\"":[{\\""id\\"":1,\\""name\\"":\\""MainThread\\""},{\\""id\\"":2,\\""name\\"":\\""Thread-2\\""},{\\""id\\"":3,\\""name\\"":\\""Thread-3\\""},{\\""id\\"":4,\\""name\\"":\\""Thread-1\\""},{\\""id\\"":5,\\""name\\"":\\""_colab_inspector_thread\\""}]},\\""command\\"":\\""threads\\"",\\""request_seq\\"":7,\\""seq\\"":7,\\""success\\"":true,\\""type\\"":\\""response\\""}""}]'",b'485454502f312e3120323030204f4b0d0a436f6e74656e742d547970653a20746578742f706c61696e3b20636861727365743d5554462d380d0a436f6e74656e742d4c656e6774683a203336320d0a4163636573732d436f6e74726f6c2d416c6c6f772d4f726967696e3a202a0d0a5365742d436f6f6b69653a20696f3d73355679786735516b47426479616c67414141413b20506174683d2f3b20487474704f6e6c790d0a446174653a205361742c2030322041707220323032322030323a34363a353120474d540d0a436f6e6e656374696f6e3a206b6565702d616c6976650d0a0d0a3335383a34322f64656275676765722c5b2264617461222c7b2264617461223a22436f6e74656e742d4c656e6774683a203235315c725c6e5c725c6e7b5c22626f64795c223a7b5c22746872656164735c223a5b7b5c2269645c223a312c5c226e616d655c223a5c224d61696e5468726561645c227d2c7b5c2269645c223a322c5c226e616d655c223a5c225468726561642d325c227d2c7b5c2269645c223a332c5c226e616d655c223a5c225468726561642d335c227d2c7b5c2269645c223a342c5c226e616d655c223a5c225468726561642d315c227d2c7b5c2269645c223a352c5c226e616d655c223a5c225f636f6c61625f696e73706563746f725f7468726561645c227d5d7d2c5c22636f6d6d616e645c223a5c22746872656164735c222c5c22726571756573745f7365715c223a372c5c227365715c223a372c5c22737563636573735c223a747275652c5c22747970655c223a5c22726573706f6e73655c227d227d5d'
49,4,5,0,52,6507,DF,0,64,6,51485,172.28.0.1,172.28.0.2,0,1648867611.8338804,60872,8080,3745637530,3998467268,8,0,A,501,22626,0,3,0,b'',b''
50,4,5,0,663,6508,DF,0,64,6,50873,172.28.0.1,172.28.0.2,0,1648867611.9979436,60872,8080,3745637530,3998467268,8,0,PA,501,23237,0,3,611,"b'GET /socket.io/?EIO=3&sid=s5Vyxg5QkGBdyalgAAAA&t=N_eAnI8&transport=polling HTTP/1.1\r\nHost: colab.research.google.com\r\nUser-Agent: Mozilla/5.0 (Windows NT 10.0; Win64; x64) AppleWebKit/537.36 (KHTML, like Gecko) Chrome/100.0.4896.60 Safari/537.36,gzip(gfe)\r\nAccept: */*\r\nAccept-Encoding: gzip, deflate, br,gzip(gfe)\r\nAccept-Language: es-ES,es;q=0.9,en;q=0.8\r\nReferer: https://colab.research.google.com/\r\nSec-Ch-Ua: "" Not A;Brand"";v=""99"", ""Chromium"";v=""100"", ""Google Chrome"";v=""100""\r\nSec-Ch-Ua-Mobile: ?0\r\nSec-Ch-Ua-Platform: ""Windows""\r\nSec-Fetch-Dest: empty\r\nSec-Fetch-Mode: cors\r\nSec-Fetch-Site: same-origin\r\n\r\n'",b'474554202f736f636b65742e696f2f3f45494f3d33267369643d73355679786735516b47426479616c674141414126743d4e5f65416e4938267472616e73706f72743d706f6c6c696e6720485454502f312e310d0a486f73743a20636f6c61622e72657365617263682e676f6f676c652e636f6d0d0a557365722d4167656e743a204d6f7a696c6c612f352e30202857696e646f7773204e542031302e303b2057696e36343b2078363429204170706c655765624b69742f3533372e333620284b48544d4c2c206c696b65204765636b6f29204368726f6d652f3130302e302e343839362e3630205361666172692f3533372e33362c677a697028676665290d0a4163636570743a202a2f2a0d0a4163636570742d456e636f64696e673a20677a69702c206465666c6174652c2062722c677a697028676665290d0a4163636570742d4c616e67756167653a2065732d45532c65733b713d302e392c656e3b713d302e380d0a526566657265723a2068747470733a2f2f636f6c61622e72657365617263682e676f6f676c652e636f6d2f0d0a5365632d43682d55613a2022204e6f7420413b4272616e64223b763d223939222c20224368726f6d69756d223b763d22313030222c2022476f6f676c65204368726f6d65223b763d22313030220d0a5365632d43682d55612d4d6f62696c653a203f300d0a5365632d43682d55612d506c6174666f726d3a202257696e646f7773220d0a5365632d46657463682d446573743a20656d7074790d0a5365632d46657463682d4d6f64653a20636f72730d0a5365632d46657463682d536974653a2073616d652d6f726967696e0d0a0d0a'
51,4,5,0,52,14693,DF,0,64,6,43299,172.28.0.2,172.28.0.1,0,1648867611.997971,8080,60872,3998467268,3745638141,8,0,A,501,22626,0,3,0,b'',b''
52,4,5,0,60,11007,DF,0,64,6,46977,172.28.0.1,172.28.0.2,0,1648867612.044607,32824,8080,4048658880,0,10,0,S,64240,22634,0,5,0,b'',b''
53,4,5,0,60,0,DF,0,64,6,57984,172.28.0.2,172.28.0.1,0,1648867612.044659,8080,32824,485046589,4048658881,10,0,SA,65160,22634,0,5,0,b'',b''
54,4,5,0,52,11008,DF,0,64,6,46984,172.28.0.1,172.28.0.2,0,1648867612.044688,32824,8080,4048658881,485046590,8,0,A,502,22626,0,3,0,b'',b''
55,4,5,0,767,11009,DF,0,64,6,46268,172.28.0.1,172.28.0.2,0,1648867612.0456007,32824,8080,4048658881,485046590,8,0,PA,502,23341,0,3,715,"b'POST /socket.io/?EIO=3&sid=s5Vyxg5QkGBdyalgAAAA&t=N_eAnI9&transport=polling HTTP/1.1\r\nHost: colab.research.google.com\r\nUser-Agent: Mozilla/5.0 (Windows NT 10.0; Win64; x64) AppleWebKit/537.36 (KHTML, like Gecko) Chrome/100.0.4896.60 Safari/537.36,gzip(gfe)\r\nContent-Length: 55\r\nAccept: */*\r\nAccept-Encoding: gzip, deflate, br,gzip(gfe)\r\nAccept-Language: es-ES,es;q=0.9,en;q=0.8\r\nContent-Type: text/plain;charset=UTF-8\r\nOrigin: https://colab.research.google.com\r\nReferer: https://colab.research.google.com/\r\nSec-Ch-Ua: "" Not A;Brand"";v=""99"", ""Chromium"";v=""100"", ""Google Chrome"";v=""100""\r\nSec-Ch-Ua-Mobile: ?0\r\nSec-Ch-Ua-Platform: ""Windows""\r\nSec-Fetch-Dest: empty\r\nSec-Fetch-Mode: cors\r\nSec-Fetch-Site: same-origin\r\n\r\n'",b'504f5354202f736f636b65742e696f2f3f45494f3d33267369643d73355679786735516b47426479616c674141414126743d4e5f65416e4939267472616e73706f72743d706f6c6c696e6720485454502f312e310d0a486f73743a20636f6c61622e72657365617263682e676f6f676c652e636f6d0d0a557365722d4167656e743a204d6f7a696c6c612f352e30202857696e646f7773204e542031302e303b2057696e36343b2078363429204170706c655765624b69742f3533372e333620284b48544d4c2c206c696b65204765636b6f29204368726f6d652f3130302e302e343839362e3630205361666172692f3533372e33362c677a697028676665290d0a436f6e74656e742d4c656e6774683a2035350d0a4163636570743a202a2f2a0d0a4163636570742d456e636f64696e673a20677a69702c206465666c6174652c2062722c677a697028676665290d0a4163636570742d4c616e67756167653a2065732d45532c65733b713d302e392c656e3b713d302e380d0a436f6e74656e742d547970653a20746578742f706c61696e3b636861727365743d5554462d380d0a4f726967696e3a2068747470733a2f2f636f6c61622e72657365617263682e676f6f676c652e636f6d0d0a526566657265723a2068747470733a2f2f636f6c61622e72657365617263682e676f6f676c652e636f6d2f0d0a5365632d43682d55613a2022204e6f7420413b4272616e64223b763d223939222c20224368726f6d69756d223b763d22313030222c2022476f6f676c65204368726f6d65223b763d22313030220d0a5365632d43682d55612d4d6f62696c653a203f300d0a5365632d43682d55612d506c6174666f726d3a202257696e646f7773220d0a5365632d46657463682d446573743a20656d7074790d0a5365632d46657463682d4d6f64653a20636f72730d0a5365632d46657463682d536974653a2073616d652d6f726967696e0d0a0d0a'
56,4,5,0,52,32648,DF,0,64,6,25344,172.28.0.2,172.28.0.1,0,1648867612.0456266,8080,32824,485046590,4048659596,8,0,A,504,22626,0,3,0,b'',b''
57,4,5,0,107,11010,DF,0,64,6,46927,172.28.0.1,172.28.0.2,0,1648867612.0461452,32824,8080,4048659596,485046590,8,0,PA,502,22681,0,3,55,"b'52:451-/debugger,[""data"",{""_placeholder"":true,""num"":0}]'",b'35323a3435312d2f64656275676765722c5b2264617461222c7b225f706c616365686f6c646572223a747275652c226e756d223a307d5d'
58,4,5,0,52,32649,DF,0,64,6,25343,172.28.0.2,172.28.0.1,0,1648867612.0461557,8080,32824,485046590,4048659651,8,0,A,504,22626,0,3,0,b'',b''
59,4,5,0,337,32650,DF,0,64,6,25057,172.28.0.2,172.28.0.1,0,1648867612.0466864,8080,32824,485046590,4048659651,8,0,PA,504,22911,0,3,285,"b'HTTP/1.1 200 OK\r\nContent-Type: text/html\r\nContent-Length: 2\r\nAccess-Control-Allow-Credentials: true\r\nAccess-Control-Allow-Origin: https://colab.research.google.com\r\nSet-Cookie: io=s5Vyxg5QkGBdyalgAAAA; Path=/; HttpOnly\r\nDate: Sat, 02 Apr 2022 02:46:52 GMT\r\nConnection: keep-alive\r\n\r\nok'",b'485454502f312e3120323030204f4b0d0a436f6e74656e742d547970653a20746578742f68746d6c0d0a436f6e74656e742d4c656e6774683a20320d0a4163636573732d436f6e74726f6c2d416c6c6f772d43726564656e7469616c733a20747275650d0a4163636573732d436f6e74726f6c2d416c6c6f772d4f726967696e3a2068747470733a2f2f636f6c61622e72657365617263682e676f6f676c652e636f6d0d0a5365742d436f6f6b69653a20696f3d73355679786735516b47426479616c67414141413b20506174683d2f3b20487474704f6e6c790d0a446174653a205361742c2030322041707220323032322030323a34363a353220474d540d0a436f6e6e656374696f6e3a206b6565702d616c6976650d0a0d0a6f6b'
60,4,5,0,52,11011,DF,0,64,6,46981,172.28.0.1,172.28.0.2,0,1648867612.0468142,32824,8080,4048659651,485046875,8,0,A,500,22626,0,3,0,b'',b''
61,4,5,0,768,11012,DF,0,64,6,46264,172.28.0.1,172.28.0.2,0,1648867612.292578,32824,8080,4048659651,485046875,8,0,PA,501,23342,0,3,716,"b'POST /socket.io/?EIO=3&sid=s5Vyxg5QkGBdyalgAAAA&t=N_eAnMT&transport=polling HTTP/1.1\r\nHost: colab.research.google.com\r\nUser-Agent: Mozilla/5.0 (Windows NT 10.0; Win64; x64) AppleWebKit/537.36 (KHTML, like Gecko) Chrome/100.0.4896.60 Safari/537.36,gzip(gfe)\r\nContent-Length: 103\r\nAccept: */*\r\nAccept-Encoding: gzip, deflate, br,gzip(gfe)\r\nAccept-Language: es-ES,es;q=0.9,en;q=0.8\r\nContent-Type: application/octet-stream\r\nOrigin: https://colab.research.google.com\r\nReferer: https://colab.research.google.com/\r\nSec-Ch-Ua: "" Not A;Brand"";v=""99"", ""Chromium"";v=""100"", ""Google Chrome"";v=""100""\r\nSec-Ch-Ua-Mobile: ?0\r\nSec-Ch-Ua-Platform: ""Windows""\r\nSec-Fetch-Dest: empty\r\nSec-Fetch-Mode: cors\r\nSec-Fetch-Site: same-origin\r\n\r\n'",b'504f5354202f736f636b65742e696f2f3f45494f3d33267369643d73355679786735516b47426479616c674141414126743d4e5f65416e4d54267472616e73706f72743d706f6c6c696e6720485454502f312e310d0a486f73743a20636f6c61622e72657365617263682e676f6f676c652e636f6d0d0a557365722d4167656e743a204d6f7a696c6c612f352e30202857696e646f7773204e542031302e303b2057696e36343b2078363429204170706c655765624b69742f3533372e333620284b48544d4c2c206c696b65204765636b6f29204368726f6d652f3130302e302e343839362e3630205361666172692f3533372e33362c677a697028676665290d0a436f6e74656e742d4c656e6774683a203130330d0a4163636570743a202a2f2a0d0a4163636570742d456e636f64696e673a20677a69702c206465666c6174652c2062722c677a697028676665290d0a4163636570742d4c616e67756167653a2065732d45532c65733b713d302e392c656e3b713d302e380d0a436f6e74656e742d547970653a206170706c69636174696f6e2f6f637465742d73747265616d0d0a4f726967696e3a2068747470733a2f2f636f6c61622e72657365617263682e676f6f676c652e636f6d0d0a526566657265723a2068747470733a2f2f636f6c61622e72657365617263682e676f6f676c652e636f6d2f0d0a5365632d43682d55613a2022204e6f7420413b4272616e64223b763d223939222c20224368726f6d69756d223b763d22313030222c2022476f6f676c65204368726f6d65223b763d22313030220d0a5365632d43682d55612d4d6f62696c653a203f300d0a5365632d43682d55612d506c6174666f726d3a202257696e646f7773220d0a5365632d46657463682d446573743a20656d7074790d0a5365632d46657463682d4d6f64653a20636f72730d0a5365632d46657463682d536974653a2073616d652d6f726967696e0d0a0d0a'
62,4,5,0,52,32651,DF,0,64,6,25341,172.28.0.2,172.28.0.1,0,1648867612.292616,8080,32824,485046875,4048660367,8,0,A,501,22626,0,3,0,b'',b''
63,4,5,0,155,11013,DF,0,64,6,46876,172.28.0.1,172.28.0.2,0,1648867612.293481,32824,8080,4048660367,485046875,8,0,PA,501,22729,0,3,103,"b'\x01\t\t\xff\x04Content-Length: 76\r\n\r\n{""type"":""request"",""command"":""stackTrace"",""seq"":8,""arguments"":{""threadId"":1}}'",b'010909ff04436f6e74656e742d4c656e6774683a2037360d0a0d0a7b2274797065223a2272657175657374222c22636f6d6d616e64223a22737461636b5472616365222c22736571223a382c22617267756d656e7473223a7b227468726561644964223a317d7d'
64,4,5,0,52,32652,DF,0,64,6,25340,172.28.0.2,172.28.0.1,0,1648867612.2934942,8080,32824,485046875,4048660470,8,0,A,501,22626,0,3,0,b'',b''
65,4,5,0,337,32653,DF,0,64,6,25054,172.28.0.2,172.28.0.1,0,1648867612.2940245,8080,32824,485046875,4048660470,8,0,PA,501,22911,0,3,285,"b'HTTP/1.1 200 OK\r\nContent-Type: text/html\r\nContent-Length: 2\r\nAccess-Control-Allow-Credentials: true\r\nAccess-Control-Allow-Origin: https://colab.research.google.com\r\nSet-Cookie: io=s5Vyxg5QkGBdyalgAAAA; Path=/; HttpOnly\r\nDate: Sat, 02 Apr 2022 02:46:52 GMT\r\nConnection: keep-alive\r\n\r\nok'",b'485454502f312e3120323030204f4b0d0a436f6e74656e742d547970653a20746578742f68746d6c0d0a436f6e74656e742d4c656e6774683a20320d0a4163636573732d436f6e74726f6c2d416c6c6f772d43726564656e7469616c733a20747275650d0a4163636573732d436f6e74726f6c2d416c6c6f772d4f726967696e3a2068747470733a2f2f636f6c61622e72657365617263682e676f6f676c652e636f6d0d0a5365742d436f6f6b69653a20696f3d73355679786735516b47426479616c67414141413b20506174683d2f3b20487474704f6e6c790d0a446174653a205361742c2030322041707220323032322030323a34363a353220474d540d0a436f6e6e656374696f6e3a206b6565702d616c6976650d0a0d0a6f6b'
66,4,5,0,52,11014,DF,0,64,6,46978,172.28.0.1,172.28.0.2,0,1648867612.2945538,32824,8080,4048660470,485047160,8,0,A,499,22626,0,3,0,b'',b''
67,4,5,0,768,11015,DF,0,64,6,46261,172.28.0.1,172.28.0.2,0,1648867612.4556785,32824,8080,4048660470,485047160,8,0,PA,501,23342,0,3,716,"b'POST /socket.io/?EIO=3&sid=s5Vyxg5QkGBdyalgAAAA&t=N_eAnPJ&transport=polling HTTP/1.1\r\nHost: colab.research.google.com\r\nUser-Agent: Mozilla/5.0 (Windows NT 10.0; Win64; x64) AppleWebKit/537.36 (KHTML, like Gecko) Chrome/100.0.4896.60 Safari/537.36,gzip(gfe)\r\nContent-Length: 210\r\nAccept: */*\r\nAccept-Encoding: gzip, deflate, br,gzip(gfe)\r\nAccept-Language: es-ES,es;q=0.9,en;q=0.8\r\nContent-Type: text/plain;charset=UTF-8\r\nOrigin: https://colab.research.google.com\r\nReferer: https://colab.research.google.com/\r\nSec-Ch-Ua: "" Not A;Brand"";v=""99"", ""Chromium"";v=""100"", ""Google Chrome"";v=""100""\r\nSec-Ch-Ua-Mobile: ?0\r\nSec-Ch-Ua-Platform: ""Windows""\r\nSec-Fetch-Dest: empty\r\nSec-Fetch-Mode: cors\r\nSec-Fetch-Site: same-origin\r\n\r\n'",b'504f5354202f736f636b65742e696f2f3f45494f3d33267369643d73355679786735516b47426479616c674141414126743d4e5f65416e504a267472616e73706f72743d706f6c6c696e6720485454502f312e310d0a486f73743a20636f6c61622e72657365617263682e676f6f676c652e636f6d0d0a557365722d4167656e743a204d6f7a696c6c612f352e30202857696e646f7773204e542031302e303b2057696e36343b2078363429204170706c655765624b69742f3533372e333620284b48544d4c2c206c696b65204765636b6f29204368726f6d652f3130302e302e343839362e3630205361666172692f3533372e33362c677a697028676665290d0a436f6e74656e742d4c656e6774683a203231300d0a4163636570743a202a2f2a0d0a4163636570742d456e636f64696e673a20677a69702c206465666c6174652c2062722c677a697028676665290d0a4163636570742d4c616e67756167653a2065732d45532c65733b713d302e392c656e3b713d302e380d0a436f6e74656e742d547970653a20746578742f706c61696e3b636861727365743d5554462d380d0a4f726967696e3a2068747470733a2f2f636f6c61622e72657365617263682e676f6f676c652e636f6d0d0a526566657265723a2068747470733a2f2f636f6c61622e72657365617263682e676f6f676c652e636f6d2f0d0a5365632d43682d55613a2022204e6f7420413b4272616e64223b763d223939222c20224368726f6d69756d223b763d22313030222c2022476f6f676c65204368726f6d65223b763d22313030220d0a5365632d43682d55612d4d6f62696c653a203f300d0a5365632d43682d55612d506c6174666f726d3a202257696e646f7773220d0a5365632d46657463682d446573743a20656d7074790d0a5365632d46657463682d4d6f64653a20636f72730d0a5365632d46657463682d536974653a2073616d652d6f726967696e0d0a0d0a'
68,4,5,0,52,32654,DF,0,64,6,25338,172.28.0.2,172.28.0.1,0,1648867612.455714,8080,32824,485047160,4048661186,8,0,A,501,22626,0,3,0,b'',b''
69,4,5,0,262,11016,DF,0,64,6,46766,172.28.0.1,172.28.0.2,0,1648867612.4565766,32824,8080,4048661186,485047160,8,0,PA,501,22836,0,3,210,"b'206:42/python-lsp/4,[""data"",{""data"":""{\\""method\\"":\\""textDocument/hover\\"",\\""id\\"":2,\\""params\\"":{\\""textDocument\\"":{\\""uri\\"":\\""inmemory://model/1\\""},\\""position\\"":{\\""line\\"":14,\\""character\\"":0}},\\""jsonrpc\\"":\\""2.0\\""}""}]'",b'3230363a34322f707974686f6e2d6c73702f342c5b2264617461222c7b2264617461223a227b5c226d6574686f645c223a5c2274657874446f63756d656e742f686f7665725c222c5c2269645c223a322c5c22706172616d735c223a7b5c2274657874446f63756d656e745c223a7b5c227572695c223a5c22696e6d656d6f72793a2f2f6d6f64656c2f315c227d2c5c22706f736974696f6e5c223a7b5c226c696e655c223a31342c5c226368617261637465725c223a307d7d2c5c226a736f6e7270635c223a5c22322e305c227d227d5d'
70,4,5,0,52,32655,DF,0,64,6,25337,172.28.0.2,172.28.0.1,0,1648867612.4565914,8080,32824,485047160,4048661396,8,0,A,501,22626,0,3,0,b'',b''
71,4,5,0,337,32656,DF,0,64,6,25051,172.28.0.2,172.28.0.1,0,1648867612.4571366,8080,32824,485047160,4048661396,8,0,PA,501,22911,0,3,285,"b'HTTP/1.1 200 OK\r\nContent-Type: text/html\r\nContent-Length: 2\r\nAccess-Control-Allow-Credentials: true\r\nAccess-Control-Allow-Origin: https://colab.research.google.com\r\nSet-Cookie: io=s5Vyxg5QkGBdyalgAAAA; Path=/; HttpOnly\r\nDate: Sat, 02 Apr 2022 02:46:52 GMT\r\nConnection: keep-alive\r\n\r\nok'",b'485454502f312e3120323030204f4b0d0a436f6e74656e742d547970653a20746578742f68746d6c0d0a436f6e74656e742d4c656e6774683a20320d0a4163636573732d436f6e74726f6c2d416c6c6f772d43726564656e7469616c733a20747275650d0a4163636573732d436f6e74726f6c2d416c6c6f772d4f726967696e3a2068747470733a2f2f636f6c61622e72657365617263682e676f6f676c652e636f6d0d0a5365742d436f6f6b69653a20696f3d73355679786735516b47426479616c67414141413b20506174683d2f3b20487474704f6e6c790d0a446174653a205361742c2030322041707220323032322030323a34363a353220474d540d0a436f6e6e656374696f6e3a206b6565702d616c6976650d0a0d0a6f6b'
72,4,5,0,52,11017,DF,0,64,6,46975,172.28.0.1,172.28.0.2,0,1648867612.4577932,32824,8080,4048661396,485047445,8,0,A,499,22626,0,3,0,b'',b''
73,4,5,0,768,11018,DF,0,64,6,46258,172.28.0.1,172.28.0.2,0,1648867612.666787,32824,8080,4048661396,485047445,8,0,PA,501,23342,0,3,716,"b'POST /socket.io/?EIO=3&sid=s5Vyxg5QkGBdyalgAAAA&t=N_eAnRu&transport=polling HTTP/1.1\r\nHost: colab.research.google.com\r\nUser-Agent: Mozilla/5.0 (Windows NT 10.0; Win64; x64) AppleWebKit/537.36 (KHTML, like Gecko) Chrome/100.0.4896.60 Safari/537.36,gzip(gfe)\r\nContent-Length: 114\r\nAccept: */*\r\nAccept-Encoding: gzip, deflate, br,gzip(gfe)\r\nAccept-Language: es-ES,es;q=0.9,en;q=0.8\r\nContent-Type: text/plain;charset=UTF-8\r\nOrigin: https://colab.research.google.com\r\nReferer: https://colab.research.google.com/\r\nSec-Ch-Ua: "" Not A;Brand"";v=""99"", ""Chromium"";v=""100"", ""Google Chrome"";v=""100""\r\nSec-Ch-Ua-Mobile: ?0\r\nSec-Ch-Ua-Platform: ""Windows""\r\nSec-Fetch-Dest: empty\r\nSec-Fetch-Mode: cors\r\nSec-Fetch-Site: same-origin\r\n\r\n'",b'504f5354202f736f636b65742e696f2f3f45494f3d33267369643d73355679786735516b47426479616c674141414126743d4e5f65416e5275267472616e73706f72743d706f6c6c696e6720485454502f312e310d0a486f73743a20636f6c61622e72657365617263682e676f6f676c652e636f6d0d0a557365722d4167656e743a204d6f7a696c6c612f352e30202857696e646f7773204e542031302e303b2057696e36343b2078363429204170706c655765624b69742f3533372e333620284b48544d4c2c206c696b65204765636b6f29204368726f6d652f3130302e302e343839362e3630205361666172692f3533372e33362c677a697028676665290d0a436f6e74656e742d4c656e6774683a203131340d0a4163636570743a202a2f2a0d0a4163636570742d456e636f64696e673a20677a69702c206465666c6174652c2062722c677a697028676665290d0a4163636570742d4c616e67756167653a2065732d45532c65733b713d302e392c656e3b713d302e380d0a436f6e74656e742d547970653a20746578742f706c61696e3b636861727365743d5554462d380d0a4f726967696e3a2068747470733a2f2f636f6c61622e72657365617263682e676f6f676c652e636f6d0d0a526566657265723a2068747470733a2f2f636f6c61622e72657365617263682e676f6f676c652e636f6d2f0d0a5365632d43682d55613a2022204e6f7420413b4272616e64223b763d223939222c20224368726f6d69756d223b763d22313030222c2022476f6f676c65204368726f6d65223b763d22313030220d0a5365632d43682d55612d4d6f62696c653a203f300d0a5365632d43682d55612d506c6174666f726d3a202257696e646f7773220d0a5365632d46657463682d446573743a20656d7074790d0a5365632d46657463682d4d6f64653a20636f72730d0a5365632d46657463682d536974653a2073616d652d6f726967696e0d0a0d0a'
74,4,5,0,166,11019,DF,0,64,6,46859,172.28.0.1,172.28.0.2,0,1648867612.6668744,32824,8080,4048662112,485047445,8,0,PA,501,22740,0,3,114,"b'110:42/python-lsp/4,[""data"",{""data"":""{\\""method\\"":\\""$/cancelRequest\\"",\\""params\\"":{\\""id\\"":2},\\""jsonrpc\\"":\\""2.0\\""}""}]'",b'3131303a34322f707974686f6e2d6c73702f342c5b2264617461222c7b2264617461223a227b5c226d6574686f645c223a5c22242f63616e63656c526571756573745c222c5c22706172616d735c223a7b5c2269645c223a327d2c5c226a736f6e7270635c223a5c22322e305c227d227d5d'
75,4,5,0,52,32657,DF,0,64,6,25335,172.28.0.2,172.28.0.1,0,1648867612.6669457,8080,32824,485047445,4048662226,8,0,A,501,22626,0,3,0,b'',b''
76,4,5,0,337,32658,DF,0,64,6,25049,172.28.0.2,172.28.0.1,0,1648867612.6678064,8080,32824,485047445,4048662226,8,0,PA,501,22911,0,3,285,"b'HTTP/1.1 200 OK\r\nContent-Type: text/html\r\nContent-Length: 2\r\nAccess-Control-Allow-Credentials: true\r\nAccess-Control-Allow-Origin: https://colab.research.google.com\r\nSet-Cookie: io=s5Vyxg5QkGBdyalgAAAA; Path=/; HttpOnly\r\nDate: Sat, 02 Apr 2022 02:46:52 GMT\r\nConnection: keep-alive\r\n\r\nok'",b'485454502f312e3120323030204f4b0d0a436f6e74656e742d547970653a20746578742f68746d6c0d0a436f6e74656e742d4c656e6774683a20320d0a4163636573732d436f6e74726f6c2d416c6c6f772d43726564656e7469616c733a20747275650d0a4163636573732d436f6e74726f6c2d416c6c6f772d4f726967696e3a2068747470733a2f2f636f6c61622e72657365617263682e676f6f676c652e636f6d0d0a5365742d436f6f6b69653a20696f3d73355679786735516b47426479616c67414141413b20506174683d2f3b20487474704f6e6c790d0a446174653a205361742c2030322041707220323032322030323a34363a353220474d540d0a436f6e6e656374696f6e3a206b6565702d616c6976650d0a0d0a6f6b'
77,4,5,0,52,11020,DF,0,64,6,46972,172.28.0.1,172.28.0.2,0,1648867612.6678302,32824,8080,4048662226,485047730,8,0,A,501,22626,0,3,0,b'',b''
78,4,5,0,1156,14694,DF,0,64,6,42194,172.28.0.2,172.28.0.1,0,1648867613.0761793,8080,60872,3998467268,3745638141,8,0,PA,501,23730,0,3,1104,"b'HTTP/1.1 200 OK\r\nContent-Type: text/plain; charset=UTF-8\r\nContent-Encoding: gzip\r\nContent-Length: 851\r\nAccess-Control-Allow-Origin: *\r\nSet-Cookie: io=s5Vyxg5QkGBdyalgAAAA; Path=/; HttpOnly\r\nDate: Sat, 02 Apr 2022 02:46:53 GMT\r\nConnection: keep-alive\r\n\r\n\x1f\x8b\x08\x00\x00\x00\x00\x00\x00\x03\xdd\x98\xdfo\xda0\x10\xc7\xff\x95)\xcf\xd0\xfc\x04\x02\xaf\x93\xa6M\xda\xc34\xed\xad\xa9""\xe3\\\xc0\xc2\xb1S\xdbae\x15\xff\xfb.\t\x1bNiW)%T\xec\x01a\xc7p\xfe~\xec\xf3\xdd9\x93\xa9?_D\x81\x9b\xc1\xb2Z\xad@\x8dn\x9d\x8c\x18\xe2\x8c\x1e\xdb\xef\x85\xf3Q\n\x03\xc2\x8c\xbf\x82X\x99\xf5\xe2C4\x8f\xc2D%\xa2\xfe<&\xceRf\xbb\xc4Y`K\x1bB7\x9f\x14)@\xe3\x83[|B%\xaf\n\x81\x1d\x7f\x948,\xab\x1b\xfe\x1c\x9b\x9c\t\xc0N0\xa9;\x02\xff\x80\x1d\xfc?p\xa0&q\xf0Y\xa9@\xe3\x9c\xc40)>3a\xda\xf1ji84\xe3ZV\x8aB;mI\xcc\xba\x19w+\xad\\.)\xe1.gK\xb7\xdc\x99\xb5\x14\xe1\xcd\xcc\xcd\x986\xe3\x12\xc5\x91\x15hWSR\xee\\]\x95\xa0\xb4\xa4\x1b07\xe5\xce2\xfa\x1drP \x1a\xeb\xde~?z\x1e#\xf0\x8e\x18\xbe?\x9b\xd8\x1c\xa9\xaa\xc4\xa5(@d\n\xe8\xb6\x0f\x82\x17X\x08\xc14\xecl\x85`y~\x05\x0c\x81\x7fd\xe8\x00$I\xe5y!-dV\xa1\xd0\xa6\xf3\x0f\xbd\x87_\xb3V\xe8\x98\x89\xb22\xe3h<\x8d\xbc0_\xe6\xde\xdc\xcb\xc3S\x1b\xb6\xc2\xe0e\x89\x13\xcb\xdf\xe38\xb0E\xa2\x9f\xa4Tf0\xf8B\x7f\xf9\xd6\x0c\xb8T*p\xd16(B\r\xdb\x82^\x03\xe7}\xd6}jC\x05\'PD\x9bT \x98\xbe>\xb2\x99E6\xf3\xe3\x93\xedB\xb3\xd7\x07\x15\x1f\xa1&\xe1\xec]\x98\xf0lm@\t\xe0\xee\xaf\xe2\xbe7\x88\x9d<\xbc\xce\xe6d2\x85\x07\xa0\x95\x19\xfe4\x1dQX\xd96z\xa0\xd8\t$\x9cw\xf2\xe0\x81#Up_\x81\x1e>!\x1ey\xda\xaf%\xd1\xd0+\x18[\t%\x08;\xe1\x18\'DUt\x9d6;\x7f=D\xa1\x1d\xe7\x9e%\x02u-4\xa1\xedq\x9eg\xc3\x88\x8a\xf3\xf4\xa7""ey\x01\x1c#\x95 \x99t\x9br\x11\xf3\x1f\xc6\xb7\x87>5\xd8\xdc\n\x06Q\xe8?\xad\xc0R\xd4\x81KE7\x83\x03a@sa\x8b\xd6\xb9\x94e\x13\xde\x8c\x02R\xf4r\xb8\xc8b\x8a\xbbLk""2^G\x05\xba\xbd*$\xab\x00\x8a&\xc1sH\xcdL\xc3\xd7\n\xe7\x84\x9a\xfe_g\xc9\x0f\xac\xba\xc7\x0f\xdes\x97\xfe \x95\x9c\x98\\\xaa\xc2%z\'(\x93\xbd\xae8V\xfc\x8e\xe3\xa7\x11\xe2\xad(\x1d\x88\x83\xca\xd6\xc1t\x1f\xb1v\x95\xe6\xcf\xe2\xe9I@\x93\x8d\x85\x014\xd7\t%\xed-<\xb4\xee`\x93\xa8\x13\xb3j\xd5\xb8\x87h\xfa\xcdGa\x08\xe1\xf6\x058\xec\xf8<\x9e\'5|\xe1uFW\x0f-O\x8f\xba\xe5\xe4eX\x9e\x16)\x18\xff\xfa`X\xf9/\x8e:G\x80\x93J`\x01\xc9\x04\xf2\x9c\xe1 \xbc\xbe9\x8a0\xb4c4^\xc3D\xceV.\x12qF\x9b\xb9\xfa\x90Yi\xd0\xef\x80\xbd\xf8\xaa\xe2""\xdb\x95\xb6\xeb\n\xaa\x0f\x93\x95\x05\xe3\x93W`gy\xb5\xd1A@\xa3\xe5\xae\x8fN;\xb9\xcd\xc3\x13\xa1\xed\xd2\xa7D\xa7\x05a\xe7M\x0b\xafK\xbe\xc3\x01#\r\xe1\x7f\xdf\x9c\x06\xb3\xfd\xa8\xc6(\nL\xbc\x7f\x8e0\xdd\xfcP\xe4\xe0\xf6\x87\x8ba\xaa\xe1\xbe^\xf9\xda\xf2\xb1UQ\n\xba6cT\x05\xb5\xed]y\x08\xc6\xa0K)4v\xf6\xce\xfe\xee7\xc4\x93\xc3c\xf8\x15\x00\x00'",b'485454502f312e3120323030204f4b0d0a436f6e74656e742d547970653a20746578742f706c61696e3b20636861727365743d5554462d380d0a436f6e74656e742d456e636f64696e673a20677a69700d0a436f6e74656e742d4c656e6774683a203835310d0a4163636573732d436f6e74726f6c2d416c6c6f772d4f726967696e3a202a0d0a5365742d436f6f6b69653a20696f3d73355679786735516b47426479616c67414141413b20506174683d2f3b20487474704f6e6c790d0a446174653a205361742c2030322041707220323032322030323a34363a353320474d540d0a436f6e6e656374696f6e3a206b6565702d616c6976650d0a0d0a1f8b0800000000000003dd98df6fda3010c7ff9529cfd0fc0402af93a64ddac334edada922e35cc0c2b153db616515fffb2e091b4e6957292554ec0161c770fe7eecf3dd3993a93f5f44819bc1b25aad408d6e9d8c18e28c1edbef85f3510a03c28cbf825899f5e243348fc24425a2fe3c26ce5266bbc459604b1b42379f142940e3835b7c4225af0a811d7f94382cab1bfe1c9b9c09c04e30a93b02ff801dfc3f70a02671f059a940e39cc430293e3361daf16a693834e35a568a423b6d49ccba19772bad5c2e29e12e674bb7dc99b514e1cdcccd9836e312c5911568575352ee5c5d95a0b4a41b3037e5ce32fa1d7250201aebde7e3f7a1e23f08e18be3f9bd81ca9aac4a52840640ae8b60f82175808c134ec6c8560797e050c817f64e8002449e579212d6456a1d0a6f30fbd875fb356e89889b232e3683c8dbc305fe6dedccbc3531bb6c2e0658913cbdfe338b045a29fa4546630f8427ff9d60cb8542a70d13628420ddb825e03e77dd67d6a43052750449b542098be3eb2994536f3e393ed42b3d707151fa126e1ec5d98f06c6d4009e0eeafe2be37889d3cbccee664328507a09519fe341d5158d9367aa0d809249c77f2e0812355705f811e3e211e79daaf25d1d02b185b0925083be118274455749d363b7f3d44a11de79e2502752d34a1ed719e67c3888af3f4a7226579011c23952099749b7211f31fc6b7873e35d8dc0a0651e83fadc052d4814b45378303614073618bd6b9946513de8c0252f472b8c8628abb4c6b22325e4705babd2a24ab008a26c17348cd4cc3d70ae7849afe5f67c90facbac70fde7397fe20959c985caac2257a272893bdae3856fc8ee3a711e2ad281d8883cad6c1741fb17695e6cfe2e94940938d850134d70925ed2d3cb4ee6093a813b36ad5b88768facd476108e1f60538ecf83c9e27357ce17546570f2d4f8fbae5e465589e162918fffa6058f92f8e3a4780934a6001c904f29ce120bcbe398a30b463345ec344ce562e1271469bb9fa905969d0ef80bdf8aae222db95b6eb0aaa0f939505e39357606779b5d14140a3e5ae8f4e3bb9cdc313a1edd2a744a70561e74d0baf4bbec301230de17fdf9c06b3fda8c6280a4cbc7f8e30ddfc50e4e0f6878b61aae1be5ef9daf2b155510aba36635405b5ed5d7908c6a04b293476f6cefeee37c493c363f8150000'
79,4,5,0,52,6509,DF,0,64,6,51483,172.28.0.1,172.28.0.2,0,1648867613.0762389,60872,8080,3745638141,3998468372,8,0,A,501,22626,0,3,0,b'',b''
80,4,5,0,663,6510,DF,0,64,6,50871,172.28.0.1,172.28.0.2,0,1648867613.221568,60872,8080,3745638141,3998468372,8,0,PA,501,23237,0,3,611,"b'GET /socket.io/?EIO=3&sid=s5Vyxg5QkGBdyalgAAAA&t=N_eAnbJ&transport=polling HTTP/1.1\r\nHost: colab.research.google.com\r\nUser-Agent: Mozilla/5.0 (Windows NT 10.0; Win64; x64) AppleWebKit/537.36 (KHTML, like Gecko) Chrome/100.0.4896.60 Safari/537.36,gzip(gfe)\r\nAccept: */*\r\nAccept-Encoding: gzip, deflate, br,gzip(gfe)\r\nAccept-Language: es-ES,es;q=0.9,en;q=0.8\r\nReferer: https://colab.research.google.com/\r\nSec-Ch-Ua: "" Not A;Brand"";v=""99"", ""Chromium"";v=""100"", ""Google Chrome"";v=""100""\r\nSec-Ch-Ua-Mobile: ?0\r\nSec-Ch-Ua-Platform: ""Windows""\r\nSec-Fetch-Dest: empty\r\nSec-Fetch-Mode: cors\r\nSec-Fetch-Site: same-origin\r\n\r\n'",b'474554202f736f636b65742e696f2f3f45494f3d33267369643d73355679786735516b47426479616c674141414126743d4e5f65416e624a267472616e73706f72743d706f6c6c696e6720485454502f312e310d0a486f73743a20636f6c61622e72657365617263682e676f6f676c652e636f6d0d0a557365722d4167656e743a204d6f7a696c6c612f352e30202857696e646f7773204e542031302e303b2057696e36343b2078363429204170706c655765624b69742f3533372e333620284b48544d4c2c206c696b65204765636b6f29204368726f6d652f3130302e302e343839362e3630205361666172692f3533372e33362c677a697028676665290d0a4163636570743a202a2f2a0d0a4163636570742d456e636f64696e673a20677a69702c206465666c6174652c2062722c677a697028676665290d0a4163636570742d4c616e67756167653a2065732d45532c65733b713d302e392c656e3b713d302e380d0a526566657265723a2068747470733a2f2f636f6c61622e72657365617263682e676f6f676c652e636f6d2f0d0a5365632d43682d55613a2022204e6f7420413b4272616e64223b763d223939222c20224368726f6d69756d223b763d22313030222c2022476f6f676c65204368726f6d65223b763d22313030220d0a5365632d43682d55612d4d6f62696c653a203f300d0a5365632d43682d55612d506c6174666f726d3a202257696e646f7773220d0a5365632d46657463682d446573743a20656d7074790d0a5365632d46657463682d4d6f64653a20636f72730d0a5365632d46657463682d536974653a2073616d652d6f726967696e0d0a0d0a'
81,4,5,0,52,14695,DF,0,64,6,43297,172.28.0.2,172.28.0.1,0,1648867613.2215981,8080,60872,3998468372,3745638752,8,0,A,501,22626,0,3,0,b'',b''
82,4,5,0,163,11021,DF,0,64,6,46860,172.28.0.1,172.28.0.2,0,1648867614.323948,32824,8080,4048662226,485047730,8,0,PA,501,22737,0,3,111,b'GET /api/sessions?health HTTP/1.1\r\nHost: example.com\r\nUser-Agent: Go-http-client/1.1\r\nAccept-Encoding: gzip\r\n\r\n',b'474554202f6170692f73657373696f6e733f6865616c746820485454502f312e310d0a486f73743a206578616d706c652e636f6d0d0a557365722d4167656e743a20476f2d687474702d636c69656e742f312e310d0a4163636570742d456e636f64696e673a20677a69700d0a0d0a'
83,4,5,0,60,57066,DF,0,64,6,916,172.28.0.2,172.28.0.3,0,1648867614.325441,51646,6000,3012048933,0,10,0,S,64240,22636,0,5,0,b'',b''
84,4,5,0,60,0,DF,0,64,6,57982,172.28.0.3,172.28.0.2,0,1648867614.325492,6000,51646,536176947,3012048934,10,0,SA,65160,22636,0,5,0,b'',b''
85,4,5,0,52,57067,DF,0,64,6,923,172.28.0.2,172.28.0.3,0,1648867614.325507,51646,6000,3012048934,536176948,8,0,A,502,22628,0,3,0,b'',b''
86,4,5,0,182,57068,DF,0,64,6,792,172.28.0.2,172.28.0.3,0,1648867614.3258367,51646,6000,3012048934,536176948,8,0,PA,502,22758,0,3,130,b'GET /api/sessions?health HTTP/1.1\r\naccept-encoding: gzip\r\nuser-agent: Go-http-client/1.1\r\nhost: example.com\r\nconnection: close\r\n\r\n',b'474554202f6170692f73657373696f6e733f6865616c746820485454502f312e310d0a6163636570742d656e636f64696e673a20677a69700d0a757365722d6167656e743a20476f2d687474702d636c69656e742f312e310d0a686f73743a206578616d706c652e636f6d0d0a636f6e6e656374696f6e3a20636c6f73650d0a0d0a'
87,4,5,0,52,26895,DF,0,64,6,31095,172.28.0.3,172.28.0.2,0,1648867614.3258839,6000,51646,536176948,3012049064,8,0,A,509,22628,0,3,0,b'',b''
88,4,5,0,192,16591,DF,0,64,6,41259,172.28.0.3,172.28.0.2,0,1648867614.3261368,60986,9000,2624033507,2101675362,8,0,PA,501,22768,0,3,140,b'GET /api/sessions?health HTTP/1.1\r\nHost: example.com\r\nUser-Agent: Go-http-client/1.1\r\nAccept-Encoding: gzip\r\nX-Forwarded-For: 172.28.0.2\r\n\r\n',b'474554202f6170692f73657373696f6e733f6865616c746820485454502f312e310d0a486f73743a206578616d706c652e636f6d0d0a557365722d4167656e743a20476f2d687474702d636c69656e742f312e310d0a4163636570742d456e636f64696e673a20677a69700d0a582d466f727761726465642d466f723a203137322e32382e302e320d0a0d0a'
89,4,5,0,52,51212,DF,0,64,6,6778,172.28.0.2,172.28.0.3,0,1648867614.3261652,9000,60986,2101675362,2624033647,8,0,A,501,22628,0,3,0,b'',b''
90,4,5,0,872,51213,DF,0,64,6,5957,172.28.0.2,172.28.0.3,0,1648867614.3287754,9000,60986,2101675362,2624033647,8,0,PA,501,23448,0,3,820,"b'HTTP/1.1 200 OK\r\nServer: TornadoServer/5.1.1\r\nContent-Type: application/json\r\nDate: Sat, 02 Apr 2022 02:46:54 GMT\r\nContent-Security-Policy: frame-ancestors \'self\'; report-uri /api/security/csp-report; default-src \'none\'\r\nAccess-Control-Allow-Origin: *\r\nEtag: ""31ace0d95e097e911c5b2ceb3a2f29f85aa4c0ce""\r\nContent-Length: 410\r\nSet-Cookie: username-example-com=""""; expires=Fri, 02 Apr 2021 02:46:54 GMT; Path=/\r\n\r\n[{""id"": ""462913d2-dd91-4d62-b54f-b92d6d0c6cbe"", ""path"": ""fileId=1trX7YwfUdLEls4ojwI507McgXnbmTEbT"", ""name"": ""Untitled1.ipynb"", ""type"": ""notebook"", ""kernel"": {""id"": ""e573309a-cce9-4db1-b2e0-6bc86e78c854"", ""name"": ""python3"", ""last_activity"": ""2022-04-02T02:46:50.865389Z"", ""execution_state"": ""busy"", ""connections"": 1}, ""notebook"": {""path"": ""fileId=1trX7YwfUdLEls4ojwI507McgXnbmTEbT"", ""name"": ""Untitled1.ipynb""}}]'",b'485454502f312e3120323030204f4b0d0a5365727665723a20546f726e61646f5365727665722f352e312e310d0a436f6e74656e742d547970653a206170706c69636174696f6e2f6a736f6e0d0a446174653a205361742c2030322041707220323032322030323a34363a353420474d540d0a436f6e74656e742d53656375726974792d506f6c6963793a206672616d652d616e636573746f7273202773656c66273b207265706f72742d757269202f6170692f73656375726974792f6373702d7265706f72743b2064656661756c742d73726320276e6f6e65270d0a4163636573732d436f6e74726f6c2d416c6c6f772d4f726967696e3a202a0d0a457461673a202233316163653064393565303937653931316335623263656233613266323966383561613463306365220d0a436f6e74656e742d4c656e6774683a203431300d0a5365742d436f6f6b69653a20757365726e616d652d6578616d706c652d636f6d3d22223b20657870697265733d4672692c2030322041707220323032312030323a34363a353420474d543b20506174683d2f0d0a0d0a5b7b226964223a202234363239313364322d646439312d346436322d623534662d623932643664306336636265222c202270617468223a202266696c6549643d317472583759776655644c456c73346f6a77493530374d6367586e626d54456254222c20226e616d65223a2022556e7469746c6564312e6970796e62222c202274797065223a20226e6f7465626f6f6b222c20226b65726e656c223a207b226964223a202265353733333039612d636365392d346462312d623265302d366263383665373863383534222c20226e616d65223a2022707974686f6e33222c20226c6173745f6163746976697479223a2022323032322d30342d30325430323a34363a35302e3836353338395a222c2022657865637574696f6e5f7374617465223a202262757379222c2022636f6e6e656374696f6e73223a20317d2c20226e6f7465626f6f6b223a207b2270617468223a202266696c6549643d317472583759776655644c456c73346f6a77493530374d6367586e626d54456254222c20226e616d65223a2022556e7469746c6564312e6970796e62227d7d5d'
91,4,5,0,52,16592,DF,0,64,6,41398,172.28.0.3,172.28.0.2,0,1648867614.3288078,60986,9000,2624033647,2101676182,8,0,A,501,22628,0,3,0,b'',b''
92,4,5,0,891,26896,DF,0,64,6,30255,172.28.0.3,172.28.0.2,0,1648867614.3313575,6000,51646,536176948,3012049064,8,0,PA,509,23467,0,3,839,"b'HTTP/1.1 200 OK\r\nAccess-Control-Allow-Origin: *\r\nContent-Length: 410\r\nContent-Security-Policy: frame-ancestors \'self\'; report-uri /api/security/csp-report; default-src \'none\'\r\nContent-Type: application/json\r\nDate: Sat, 02 Apr 2022 02:46:54 GMT\r\nEtag: ""31ace0d95e097e911c5b2ceb3a2f29f85aa4c0ce""\r\nServer: TornadoServer/5.1.1\r\nSet-Cookie: username-example-com=""""; expires=Fri, 02 Apr 2021 02:46:54 GMT; Path=/\r\nConnection: close\r\n\r\n[{""id"": ""462913d2-dd91-4d62-b54f-b92d6d0c6cbe"", ""path"": ""fileId=1trX7YwfUdLEls4ojwI507McgXnbmTEbT"", ""name"": ""Untitled1.ipynb"", ""type"": ""notebook"", ""kernel"": {""id"": ""e573309a-cce9-4db1-b2e0-6bc86e78c854"", ""name"": ""python3"", ""last_activity"": ""2022-04-02T02:46:50.865389Z"", ""execution_state"": ""busy"", ""connections"": 1}, ""notebook"": {""path"": ""fileId=1trX7YwfUdLEls4ojwI507McgXnbmTEbT"", ""name"": ""Untitled1.ipynb""}}]'",b'485454502f312e3120323030204f4b0d0a4163636573732d436f6e74726f6c2d416c6c6f772d4f726967696e3a202a0d0a436f6e74656e742d4c656e6774683a203431300d0a436f6e74656e742d53656375726974792d506f6c6963793a206672616d652d616e636573746f7273202773656c66273b207265706f72742d757269202f6170692f73656375726974792f6373702d7265706f72743b2064656661756c742d73726320276e6f6e65270d0a436f6e74656e742d547970653a206170706c69636174696f6e2f6a736f6e0d0a446174653a205361742c2030322041707220323032322030323a34363a353420474d540d0a457461673a202233316163653064393565303937653931316335623263656233613266323966383561613463306365220d0a5365727665723a20546f726e61646f5365727665722f352e312e310d0a5365742d436f6f6b69653a20757365726e616d652d6578616d706c652d636f6d3d22223b20657870697265733d4672692c2030322041707220323032312030323a34363a353420474d543b20506174683d2f0d0a436f6e6e656374696f6e3a20636c6f73650d0a0d0a5b7b226964223a202234363239313364322d646439312d346436322d623534662d623932643664306336636265222c202270617468223a202266696c6549643d317472583759776655644c456c73346f6a77493530374d6367586e626d54456254222c20226e616d65223a2022556e7469746c6564312e6970796e62222c202274797065223a20226e6f7465626f6f6b222c20226b65726e656c223a207b226964223a202265353733333039612d636365392d346462312d623265302d366263383665373863383534222c20226e616d65223a2022707974686f6e33222c20226c6173745f6163746976697479223a2022323032322d30342d30325430323a34363a35302e3836353338395a222c2022657865637574696f6e5f7374617465223a202262757379222c2022636f6e6e656374696f6e73223a20317d2c20226e6f7465626f6f6b223a207b2270617468223a202266696c6549643d317472583759776655644c456c73346f6a77493530374d6367586e626d54456254222c20226e616d65223a2022556e7469746c6564312e6970796e62227d7d5d'
93,4,5,0,52,57069,DF,0,64,6,921,172.28.0.2,172.28.0.3,0,1648867614.33138,51646,6000,3012049064,536177787,8,0,A,501,22628,0,3,0,b'',b''
94,4,5,0,52,26897,DF,0,64,6,31093,172.28.0.3,172.28.0.2,0,1648867614.3314555,6000,51646,536177787,3012049064,8,0,FA,509,22628,0,3,0,b'',b''
95,4,5,0,891,32659,DF,0,64,6,24494,172.28.0.2,172.28.0.1,0,1648867614.3328266,8080,32824,485047730,4048662337,8,0,PA,501,23465,0,3,839,"b'HTTP/1.1 200 OK\r\naccess-control-allow-origin: *\r\ncontent-length: 410\r\ncontent-security-policy: frame-ancestors \'self\'; report-uri /api/security/csp-report; default-src \'none\'\r\ncontent-type: application/json\r\ndate: Sat, 02 Apr 2022 02:46:54 GMT\r\netag: ""31ace0d95e097e911c5b2ceb3a2f29f85aa4c0ce""\r\nserver: TornadoServer/5.1.1\r\nset-cookie: username-example-com=""""; expires=Fri, 02 Apr 2021 02:46:54 GMT; Path=/\r\nconnection: close\r\n\r\n[{""id"": ""462913d2-dd91-4d62-b54f-b92d6d0c6cbe"", ""path"": ""fileId=1trX7YwfUdLEls4ojwI507McgXnbmTEbT"", ""name"": ""Untitled1.ipynb"", ""type"": ""notebook"", ""kernel"": {""id"": ""e573309a-cce9-4db1-b2e0-6bc86e78c854"", ""name"": ""python3"", ""last_activity"": ""2022-04-02T02:46:50.865389Z"", ""execution_state"": ""busy"", ""connections"": 1}, ""notebook"": {""path"": ""fileId=1trX7YwfUdLEls4ojwI507McgXnbmTEbT"", ""name"": ""Untitled1.ipynb""}}]'",b'485454502f312e3120323030204f4b0d0a6163636573732d636f6e74726f6c2d616c6c6f772d6f726967696e3a202a0d0a636f6e74656e742d6c656e6774683a203431300d0a636f6e74656e742d73656375726974792d706f6c6963793a206672616d652d616e636573746f7273202773656c66273b207265706f72742d757269202f6170692f73656375726974792f6373702d7265706f72743b2064656661756c742d73726320276e6f6e65270d0a636f6e74656e742d747970653a206170706c69636174696f6e2f6a736f6e0d0a646174653a205361742c2030322041707220323032322030323a34363a353420474d540d0a657461673a202233316163653064393565303937653931316335623263656233613266323966383561613463306365220d0a7365727665723a20546f726e61646f5365727665722f352e312e310d0a7365742d636f6f6b69653a20757365726e616d652d6578616d706c652d636f6d3d22223b20657870697265733d4672692c2030322041707220323032312030323a34363a353420474d543b20506174683d2f0d0a636f6e6e656374696f6e3a20636c6f73650d0a0d0a5b7b226964223a202234363239313364322d646439312d346436322d623534662d623932643664306336636265222c202270617468223a202266696c6549643d317472583759776655644c456c73346f6a77493530374d6367586e626d54456254222c20226e616d65223a2022556e7469746c6564312e6970796e62222c202274797065223a20226e6f7465626f6f6b222c20226b65726e656c223a207b226964223a202265353733333039612d636365392d346462312d623265302d366263383665373863383534222c20226e616d65223a2022707974686f6e33222c20226c6173745f6163746976697479223a2022323032322d30342d30325430323a34363a35302e3836353338395a222c2022657865637574696f6e5f7374617465223a202262757379222c2022636f6e6e656374696f6e73223a20317d2c20226e6f7465626f6f6b223a207b2270617468223a202266696c6549643d317472583759776655644c456c73346f6a77493530374d6367586e626d54456254222c20226e616d65223a2022556e7469746c6564312e6970796e62227d7d5d'
96,4,5,0,52,11022,DF,0,64,6,46970,172.28.0.1,172.28.0.2,0,1648867614.3328507,32824,8080,4048662337,485048569,8,0,A,501,22626,0,3,0,b'',b''
97,4,5,0,52,57070,DF,0,64,6,920,172.28.0.2,172.28.0.3,0,1648867614.3336558,51646,6000,3012049064,536177788,8,0,FA,501,22628,0,3,0,b'',b''
98,4,5,0,52,26898,DF,0,64,6,31092,172.28.0.3,172.28.0.2,0,1648867614.3336985,6000,51646,536177788,3012049065,8,0,A,509,22628,0,3,0,b'',b''
99,4,5,0,52,32660,DF,0,64,6,25332,172.28.0.2,172.28.0.1,0,1648867614.3337522,8080,32824,485048569,4048662337,8,0,FA,501,22626,0,3,0,b'',b''
